system:index,B11,B12,B2,B3,B4,B8,NDBI,NDVI,class,random,.geo
1_1_1_00000000000000000000_0,0.3328,0.2147,0.0577,0.0698,0.0966,0.2052,0.23717472,0.35984093,0,0.30382503447285447,"{""geodesic"":false,""type"":""Point"",""coordinates"":[7.871173266747865,46.697976813905]}"
1_1_1_00000000000000000002_0,0.0171,0.0114,0.0213,0.0283,0.0082,0.017,0.0029325462,0.34920636,0,0.1090431592808232,"{""geodesic"":false,""type"":""Point"",""coordinates"":[7.889768393129139,46.691149617745694]}"
1_1_1_00000000000000000004_0,0.0091,0.0061,0.0902,0.0889,0.0245,0.0078,0.07692311,-0.51702785,0,0.14065990540123707,"{""geodesic"":false,""type"":""Point"",""coordinates"":[7.888780246316608,46.69204793302981]}"
1_1_1_00000000000000000005_0,0.3111,0.2059,0.0469,0.076,0.0579,0.2024,0.21168453,0.5551287,0,0.5012932198378637,"{""geodesic"":false,""type"":""Point"",""coordinates"":[7.878719115134469,46.6919581015014]}"
1_1_1_00000000000000000006_0,0.2487,0.2298,0.1378,0.1516,0.1642,0.1894,0.1353572,0.071266994,0,0.6935754796047585,"{""geodesic"":false,""type"":""Point"",""coordinates"":[7.875934337753699,46.6919581015014]}"
1_1_1_00000000000000000007_0,0.1728,0.1513,0.0743,0.0815,0.0904,0.1136,0.20670392,0.113725476,0,0.05885911234179664,"{""geodesic"":false,""type"":""Point"",""coordinates"":[7.877551305265114,46.68926315564904]}"
1_1_1_00000000000000000008_0,0.1869,0.1677,0.075,0.0869,0.0847,0.1283,0.18591373,0.20469481,0,0.27122137090301235,"{""geodesic"":false,""type"":""Point"",""coordinates"":[7.874407201770696,46.689981807876336]}"
1_1_1_00000000000000000009_0,0.084,0.0736,0.09725,0.09605,0.0384,0.0191,0.62948596,-0.3356522,0,0.12474690885365647,"{""geodesic"":false,""type"":""Point"",""coordinates"":[7.868837647009155,46.69159877538775]}"
1_1_1_0000000000000000000a_0,0.1466,0.1276,0.0878,0.092,0.0999,0.113,0.12942988,0.061531227,0,0.537877647193932,"{""geodesic"":false,""type"":""Point"",""coordinates"":[7.869646130764862,46.69016147093316]}"
1_1_1_0000000000000000000b_0,0.3253,0.2881,0.0653,0.0789,0.0934,0.2028,0.23196363,0.36934504,0,0.5091457438607357,"{""geodesic"":false,""type"":""Point"",""coordinates"":[7.86955629923645,46.688724166478565]}"
1_1_1_0000000000000000000c_0,0.2608,0.2316,0.0673,0.0816,0.0896,0.1709,0.20824647,0.31209216,0,0.407151134350327,"{""geodesic"":false,""type"":""Point"",""coordinates"":[7.871532592861513,46.687556356609214]}"
1_1_1_0000000000000000000d_0,0.3179,0.2182,0.0651,0.0842,0.1428,0.2067,0.21197103,0.1828326,0,0.5399444224141464,"{""geodesic"":false,""type"":""Point"",""coordinates"":[7.871442761333101,46.684502084643206]}"
1_1_1_00000000000000000010_0,0.2813,0.2577,0.0985,0.118,0.1324,0.195,0.18118836,0.19120339,0,0.496952718569451,"{""geodesic"":false,""type"":""Point"",""coordinates"":[7.891654855225791,46.68387326394432]}"
1_1_1_00000000000000000011_0,0.3129,0.2684,0.0763,0.0975,0.1418,0.2445,0.12271261,0.26585555,0,0.22123758032867025,"{""geodesic"":false,""type"":""Point"",""coordinates"":[7.890846371470083,46.682256296432904]}"
1_1_1_00000000000000000012_0,0.2432,0.2343,0.0567,0.0658,0.0856,0.1121,0.36898398,0.13404144,0,0.012820859736532464,"{""geodesic"":false,""type"":""Point"",""coordinates"":[7.856351064559893,46.68504107381368]}"
1_1_1_00000000000000000013_0,0.177,0.1776,0.0749,0.0819,0.0883,0.1205,0.18991597,0.15421456,0,0.013864384071336278,"{""geodesic"":false,""type"":""Point"",""coordinates"":[7.855093423162126,46.684502084643206]}"
1_1_1_00000000000000000014_0,0.2207,0.1742,0.1256,0.1384,0.1368,0.1479,0.19750406,0.03898839,0,0.6589203345576263,"{""geodesic"":false,""type"":""Point"",""coordinates"":[7.8521289827245315,46.681627475734025]}"
1_1_1_00000000000000000017_0,0.2312,0.1992,0.1396,0.157,0.169,0.2071,0.05498515,0.101302855,0,0.621069219933169,"{""geodesic"":false,""type"":""Point"",""coordinates"":[7.850961172855176,46.67749522542707]}"
1_1_1_00000000000000000018_0,0.2236,0.21035,0.05115,0.0625,0.0842,0.13355,0.25213495,0.22663605,0,0.2596713353620612,"{""geodesic"":false,""type"":""Point"",""coordinates"":[7.855093423162126,46.68270545407497]}"
1_1_1_00000000000000000019_0,0.4214,0.3616,0.0733,0.123,0.2216,0.3428,0.10285268,0.21474132,0,0.23906877794665615,"{""geodesic"":false,""type"":""Point"",""coordinates"":[7.860842640980491,46.68558006298415]}"
1_1_1_0000000000000000001a_0,0.1662,0.1435,0.0582,0.0709,0.0701,0.1253,0.14030872,0.28249744,0,0.3509819054972768,"{""geodesic"":false,""type"":""Point"",""coordinates"":[7.860034157224783,46.68800551425127]}"
1_1_1_0000000000000000001b_0,0.1723,0.1361,0.0659,0.0741,0.0791,0.1358,0.118468,0.2638437,0,0.43874609430190914,"{""geodesic"":false,""type"":""Point"",""coordinates"":[7.862459608491906,46.68881399800698]}"
1_1_1_0000000000000000001c_0,0.0964,0.08,0.0398,0.0477,0.0471,0.0693,0.16354856,0.19072168,0,0.04445701443504191,"{""geodesic"":false,""type"":""Point"",""coordinates"":[7.864435902116969,46.68980214481951]}"
1_1_1_0000000000000000001d_0,0.1968,0.1582,0.0371,0.0482,0.0541,0.1317,0.19817352,0.41765338,0,0.44180510843812526,"{""geodesic"":false,""type"":""Point"",""coordinates"":[7.864166407531733,46.6874665250808]}"
1_1_1_0000000000000000001e_0,0.2049,0.1817,0.1346,0.1464,0.1494,0.155,0.13864961,0.018396864,0,0.683709179420453,"{""geodesic"":false,""type"":""Point"",""coordinates"":[7.889678561600728,46.68953265023428]}"
1_1_1_0000000000000000001f_0,0.2856,0.213,0.1716,0.1804,0.1936,0.201,0.17385943,0.018753182,0,0.2647435251244016,"{""geodesic"":false,""type"":""Point"",""coordinates"":[7.888690414788196,46.688993661063805]}"
1_1_1_00000000000000000021_0,0.3218,0.3181,0.091,0.1096,0.1344,0.1706,0.30706742,0.11868853,0,0.5810136962368206,"{""geodesic"":false,""type"":""Point"",""coordinates"":[7.885007322123306,46.68980214481951]}"
1_1_1_00000000000000000023_0,0.2662,0.2563,0.0557,0.068,0.094,0.1595,0.250646,0.25838268,0,0.6401796871982938,"{""geodesic"":false,""type"":""Point"",""coordinates"":[7.88339035461189,46.686658041325096]}"
1_1_1_00000000000000000025_0,0.2001,0.181,0.1376,0.1496,0.159,0.1803,0.052050494,0.06277631,0,0.32058643291713695,"{""geodesic"":false,""type"":""Point"",""coordinates"":[7.882492039327771,46.68342410630226]}"
1_1_1_00000000000000000026_0,0.2513,0.2184,0.112,0.1348,0.1406,0.2142,0.07969925,0.20744084,0,0.5026113392397815,"{""geodesic"":false,""type"":""Point"",""coordinates"":[7.877820799850349,46.68378343241591]}"
1_1_1_00000000000000000029_0,0.2971,0.2511,0.0451,0.064,0.0642,0.2229,0.14269231,0.55276906,0,0.6351773540608168,"{""geodesic"":false,""type"":""Point"",""coordinates"":[7.861022304037315,46.68243595948973]}"
1_1_1_0000000000000000002b_0,0.1981,0.1532,0.1124,0.1176,0.1234,0.1656,0.08935936,0.14602076,0,0.16506815370743344,"{""geodesic"":false,""type"":""Point"",""coordinates"":[7.85805786359972,46.680369834336254]}"
1_1_1_0000000000000000002c_0,0.2458,0.1876,0.0597,0.0897,0.0743,0.343,-0.1650815,0.6439013,0,0.6266060672947799,"{""geodesic"":false,""type"":""Point"",""coordinates"":[7.858686684298604,46.68153764420561]}"
1_1_1_0000000000000000002d_0,0.3235,0.2935,0.0744,0.1164,0.2172,0.2802,0.07172437,0.12665865,0,0.1580257700347869,"{""geodesic"":false,""type"":""Point"",""coordinates"":[7.854644265520066,46.68153764420561]}"
1_1_1_0000000000000000002e_0,0.2093,0.1999,0.0764,0.0841,0.0913,0.1326,0.22433461,0.18445732,0,0.06637514313848047,"{""geodesic"":false,""type"":""Point"",""coordinates"":[7.853027298008651,46.68270545407497]}"
1_1_1_0000000000000000002f_0,0.0201,0.0143,0.0938,0.0897,0.0403,0.02,0.0024937615,-0.3366501,0,0.4934653795212297,"{""geodesic"":false,""type"":""Point"",""coordinates"":[7.87323939190134,46.69285641678552]}"
1_1_1_00000000000000000030_0,0.2326,0.1825,0.0686,0.0818,0.0888,0.2192,0.029659148,0.42337662,0,0.0952326144191854,"{""geodesic"":false,""type"":""Point"",""coordinates"":[7.873958044128636,46.694203889711694]}"
1_1_1_00000000000000000031_0,0.024,0.0122,0.0639,0.071,0.0235,0.0155,0.21518989,-0.2051282,0,0.3674478197660691,"{""geodesic"":false,""type"":""Point"",""coordinates"":[7.886893784219957,46.6919581015014]}"
1_1_1_00000000000000000032_0,0.2235,0.2104,0.0576,0.0752,0.0969,0.149,0.19999999,0.21187475,0,0.5523867311379222,"{""geodesic"":false,""type"":""Point"",""coordinates"":[7.891475192168967,46.689442818705864]}"
1_1_1_00000000000000000033_0,0.2121,0.1811,0.0572,0.0756,0.0831,0.2024,0.023401689,0.4178634,0,0.25895052238666416,"{""geodesic"":false,""type"":""Point"",""coordinates"":[7.889768393129139,46.688095345779686]}"
1_1_1_00000000000000000034_0,0.1901,0.1741,0.0742,0.0901,0.0808,0.1169,0.23843649,0.1825999,0,0.16755936104839042,"{""geodesic"":false,""type"":""Point"",""coordinates"":[7.864076576003321,46.68477157922844]}"
1_1_1_00000000000000000035_0,0.2,0.1377,0.0457,0.0664,0.0553,0.3283,-0.24285443,0.7116788,0,0.036500671550289354,"{""geodesic"":false,""type"":""Point"",""coordinates"":[7.865963038099972,46.68602922062621]}"
1_1_1_00000000000000000036_0,0.2324,0.1869,0.0528,0.0815,0.0706,0.295,-0.11869547,0.6137855,0,0.35971093735419013,"{""geodesic"":false,""type"":""Point"",""coordinates"":[7.8663223642136195,46.68243595948973]}"
1_1_1_00000000000000000037_0,0.31575,0.31265,0.0671,0.08345,0.104,0.1695,0.30139107,0.2394881,0,0.5529614007926783,"{""geodesic"":false,""type"":""Point"",""coordinates"":[7.852757803423415,46.67983084516578]}"
1_1_1_00000000000000000038_0,0.1931,0.1708,0.0806,0.0889,0.0943,0.2092,-0.04001986,0.37858316,0,0.38908699619685894,"{""geodesic"":false,""type"":""Point"",""coordinates"":[7.8532069610654744,46.67866303529643]}"
1_1_1_00000000000000000039_0,0.2294,0.2165,0.134,0.137,0.1534,0.2087,0.04724947,0.15272023,0,0.41449760060713725,"{""geodesic"":false,""type"":""Point"",""coordinates"":[7.854734097048478,46.67965118210896]}"
1_1_1_0000000000000000003b_0,0.2413,0.2009,0.0395,0.056,0.0512,0.1836,0.13579668,0.56388414,0,0.10436725811656611,"{""geodesic"":false,""type"":""Point"",""coordinates"":[7.86865798395233,46.68818517730809]}"
1_1_1_0000000000000000003c_0,0.2984,0.2644,0.0592,0.081,0.0954,0.2491,0.09004569,0.44615385,0,0.34969633728015737,"{""geodesic"":false,""type"":""Point"",""coordinates"":[7.868568152423919,46.68908349259222]}"
1_1_1_0000000000000000003d_0,0.2702,0.2313,0.0737,0.1058,0.0955,0.3234,-0.0896226,0.5440439,0,0.16510116657175822,"{""geodesic"":false,""type"":""Point"",""coordinates"":[7.866861353384092,46.68953265023428]}"
1_1_1_0000000000000000003e_0,0.1671,0.1348,0.0922,0.1082,0.1106,0.1767,-0.027923208,0.23007308,0,0.5407640145568463,"{""geodesic"":false,""type"":""Point"",""coordinates"":[7.876203832338934,46.68989197634792]}"
1_1_1_00000000000000000040_0,0.1605,0.1267,0.0897,0.1026,0.0991,0.1543,0.019695045,0.21783742,0,0.5071627246562276,"{""geodesic"":false,""type"":""Point"",""coordinates"":[7.87737164220829,46.68836484036492]}"
1_1_1_00000000000000000041_0,0.1639,0.1368,0.0938,0.1064,0.1102,0.156,0.024695216,0.17205109,0,0.1967577501762766,"{""geodesic"":false,""type"":""Point"",""coordinates"":[7.878898778191293,46.68908349259222]}"
1_1_1_00000000000000000042_0,0.2364,0.1908,0.062,0.0844,0.0846,0.2594,-0.046389706,0.50813955,0,0.344396545717077,"{""geodesic"":false,""type"":""Point"",""coordinates"":[7.862818934605554,46.68342410630226]}"
1_1_1_00000000000000000043_0,0.2001,0.1737,0.0895,0.0991,0.1052,0.1513,0.1388731,0.17972709,0,0.3717560151964485,"{""geodesic"":false,""type"":""Point"",""coordinates"":[7.868568152423919,46.68486141075685]}"
1_1_1_00000000000000000044_0,0.2477,0.2117,0.063,0.0897,0.0943,0.2793,-0.059962045,0.495182,0,0.5907947772215532,"{""geodesic"":false,""type"":""Point"",""coordinates"":[7.868208826310271,46.6836936008875]}"
1_1_1_00000000000000000045_0,0.1745,0.1428,0.0819,0.0983,0.1007,0.1735,0.002873569,0.26549965,0,0.06143727959810075,"{""geodesic"":false,""type"":""Point"",""coordinates"":[7.883210691555067,46.68881399800698]}"
1_1_1_00000000000000000046_0,0.1828,0.1652,0.0973,0.1092,0.1152,0.1393,0.1350512,0.0946955,0,0.3288484417024693,"{""geodesic"":false,""type"":""Point"",""coordinates"":[7.882042881685711,46.68647837826827]}"
1_1_1_00000000000000000047_0,0.1483,0.1095,0.0627,0.0905,0.0744,0.1957,-0.13779068,0.44909292,0,0.3078361463124635,"{""geodesic"":false,""type"":""Point"",""coordinates"":[7.891115866055318,46.688095345779686]}"
1_1_1_00000000000000000048_0,0.2648,0.215,0.0578,0.0815,0.068,0.3247,-0.10161151,0.6536796,0,0.663527621070047,"{""geodesic"":false,""type"":""Point"",""coordinates"":[7.891924349811026,46.687286862023974]}"
1_1_1_00000000000000000049_0,0.2608,0.2391,0.0777,0.0925,0.1046,0.1408,0.2988048,0.14751427,0,0.45104994373552865,"{""geodesic"":false,""type"":""Point"",""coordinates"":[7.856440896088305,46.68360376935909]}"
1_1_2_00000000000000000015_0,0.2881,0.2633,0.0389,0.051,0.0655,0.1318,0.3722315,0.33603647,0,0.06954538050342274,"{""geodesic"":false,""type"":""Point"",""coordinates"":[7.866502027270443,46.68549023145574]}"
1_1_2_00000000000000000028_0,0.2067,0.1888,0.0515,0.0673,0.0602,0.1343,0.21231674,0.38097686,0,0.5248348357975973,"{""geodesic"":false,""type"":""Point"",""coordinates"":[7.858417189713368,46.679741013637376]}"
1_1_2_00000000000000000010_0,0.0854,0.069,0.0467,0.0481,0.0315,0.0291,0.49170303,-0.039603952,0,0.3459910664218697,"{""geodesic"":false,""type"":""Point"",""coordinates"":[7.868478320895506,46.69132928080251]}"
1_1_2_00000000000000000002_0,0.1236,0.0789,0.0443,0.0435,0.0438,0.0464,0.45411766,0.028824827,0,0.27044165986443214,"{""geodesic"":false,""type"":""Point"",""coordinates"":[7.889768393129139,46.68989197634792]}"
1_1_2_0000000000000000004a_0,0.2732,0.2557,0.0453,0.0692,0.0697,0.1921,0.17429616,0.46753246,0,0.33482306962094643,"{""geodesic"":false,""type"":""Point"",""coordinates"":[7.890936202998494,46.6867478728535]}"
1_1_2_0000000000000000001b_0,0.2936,0.2827,0.0474,0.0682,0.0686,0.1213,0.4152808,0.2775145,0,0.6439631788251179,"{""geodesic"":false,""type"":""Point"",""coordinates"":[7.858866347355428,46.681357981148786]}"
1_1_2_0000000000000000001d_0,0.24095,0.2158,0.045,0.0665,0.0805,0.1157,0.35118464,0.17940877,0,0.5072425686109985,"{""geodesic"":false,""type"":""Point"",""coordinates"":[7.851500162025648,46.679741013637376]}"
1_1_2_0000000000000000001c_0,0.242,0.2229,0.0469,0.0549,0.0642,0.1203,0.33590946,0.30406505,0,0.4977295292395887,"{""geodesic"":false,""type"":""Point"",""coordinates"":[7.860662977923667,46.68153764420561]}"
1_1_2_00000000000000000030_0,0.212,0.2015,0.048,0.0521,0.0648,0.0884,0.4114514,0.15404698,0,0.2200874386825249,"{""geodesic"":false,""type"":""Point"",""coordinates"":[7.85572224386101,46.68441225311479]}"
1_1_2_00000000000000000037_0,0.2463,0.2262,0.0582,0.0689,0.083,0.1276,0.31746456,0.2117759,0,0.5017033820761345,"{""geodesic"":false,""type"":""Point"",""coordinates"":[7.854464602463242,46.68171730726244]}"
1_1_2_00000000000000000034_0,0.209,0.1773,0.049,0.0565,0.0693,0.1057,0.32824913,0.20799999,0,0.3466403423089731,"{""geodesic"":false,""type"":""Point"",""coordinates"":[7.851949319667708,46.67785455154072]}"
1_1_2_0000000000000000003c_0,0.2468,0.2157,0.0519,0.0658,0.0671,0.1629,0.20478399,0.41652173,0,0.06945110700332413,"{""geodesic"":false,""type"":""Point"",""coordinates"":[7.867939331725035,46.68405292700115]}"
1_1_2_0000000000000000002d_0,0.1858,0.1468,0.0523,0.0561,0.057,0.071,0.4470405,0.109375015,0,0.049688551380410395,"{""geodesic"":false,""type"":""Point"",""coordinates"":[7.863357923776025,46.68845467189333]}"
1_1_2_0000000000000000000b_0,0.3593,0.3566,0.0508,0.0642,0.0813,0.1545,0.39859867,0.31043255,0,0.6526218406898044,"{""geodesic"":false,""type"":""Point"",""coordinates"":[7.871442761333101,46.6874665250808]}"
1_1_2_0000000000000000002f_0,0.2506,0.2553,0.0461,0.0587,0.0786,0.1152,0.37014765,0.1888545,0,0.4368435493385282,"{""geodesic"":false,""type"":""Point"",""coordinates"":[7.853117129537063,46.68261562254656]}"
1_1_2_0000000000000000003a_0,0.2397,0.2109,0.0443,0.0606,0.072,0.14,0.26257572,0.32075474,0,0.5360711740997172,"{""geodesic"":false,""type"":""Point"",""coordinates"":[7.857339211372425,46.68234612796132]}"
1_1_2_0000000000000000000a_0,0.2748,0.2261,0.0525,0.0665,0.0719,0.141,0.32178932,0.32456553,0,0.1353981687516489,"{""geodesic"":false,""type"":""Point"",""coordinates"":[7.86865798395233,46.68890382953539]}"
1_1_2_00000000000000000036_0,0.299,0.2754,0.0503,0.0606,0.0832,0.1666,0.28436425,0.3338671,0,0.5353200608742041,"{""geodesic"":false,""type"":""Point"",""coordinates"":[7.852308645781355,46.67884269835325]}"
1_1_2_00000000000000000012_0,0.31575,0.31265,0.0512,0.0679,0.09005,0.1586,0.33129546,0.27568874,0,0.13299477772369706,"{""geodesic"":false,""type"":""Point"",""coordinates"":[7.852757803423415,46.679920676694195]}"
1_1_2_0000000000000000000f_0,0.3328,0.2147,0.0561,0.0712,0.0979,0.2187,0.20689029,0.381554,0,0.5943635024095842,"{""geodesic"":false,""type"":""Point"",""coordinates"":[7.8709936036910415,46.698066645433414]}"
1_1_2_0000000000000000002b_0,0.2105,0.1794,0.0431,0.0484,0.0568,0.0925,0.38943896,0.23911588,0,0.3865929807160623,"{""geodesic"":false,""type"":""Point"",""coordinates"":[7.860213820281607,46.68791568272286]}"
1_1_2_00000000000000000004_0,0.1675,0.1329,0.056,0.0546,0.0572,0.0619,0.4603313,0.03946265,0,0.4594288258561545,"{""geodesic"":false,""type"":""Point"",""coordinates"":[7.890127719242787,46.68935298717745]}"
1_1_2_00000000000000000001_0,0.2727,0.2751,0.0547,0.0643,0.0816,0.1147,0.40784723,0.16861942,0,0.17179078772435463,"{""geodesic"":false,""type"":""Point"",""coordinates"":[7.884917490594894,46.68989197634792]}"
1_1_2_00000000000000000008_0,0.2551,0.2521,0.0572,0.0713,0.0797,0.1183,0.36636317,0.19494948,0,0.6348292083586913,"{""geodesic"":false,""type"":""Point"",""coordinates"":[7.855812075389421,46.68468174770003]}"
1_1_2_0000000000000000001e_0,0.1893,0.1404,0.058,0.0628,0.0654,0.0948,0.33262935,0.18352063,0,0.18639635657917764,"{""geodesic"":false,""type"":""Point"",""coordinates"":[7.8629985976623775,46.68531056839891]}"
1_1_2_0000000000000000002c_0,0.2048,0.1779,0.0618,0.0774,0.0855,0.1184,0.2673267,0.16135359,0,0.18193327525370706,"{""geodesic"":false,""type"":""Point"",""coordinates"":[7.862729103077141,46.68890382953539]}"
1_1_2_0000000000000000001a_0,0.2438,0.2346,0.0598,0.0745,0.1016,0.1407,0.26814044,0.1613702,0,0.6684545568822123,"{""geodesic"":false,""type"":""Point"",""coordinates"":[7.856351064559893,46.68477157922844]}"
1_1_2_00000000000000000033_0,0.3105,0.2795,0.0561,0.065,0.0739,0.1472,0.3567839,0.33152422,0,0.3742468269947694,"{""geodesic"":false,""type"":""Point"",""coordinates"":[7.859046010412252,46.68270545407497]}"
1_1_2_0000000000000000003f_0,0.0749,0.0437,0.0605,0.0634,0.0287,0.0237,0.51926976,-0.095419824,0,0.06836818197305305,"{""geodesic"":false,""type"":""Point"",""coordinates"":[7.866142701156796,46.69034113398998]}"
1_1_2_00000000000000000031_0,0.3496,0.3377,0.0588,0.0733,0.083,0.1277,0.46490675,0.21215,0,0.1479314675299236,"{""geodesic"":false,""type"":""Point"",""coordinates"":[7.856800222201953,46.68647837826827]}"
1_1_2_00000000000000000018_0,0.2888,0.2804,0.0652,0.087,0.1018,0.1766,0.24108295,0.26867813,0,0.2511975381845878,"{""geodesic"":false,""type"":""Point"",""coordinates"":[7.891295529112142,46.685849557569384]}"
1_1_2_00000000000000000016_0,0.3163,0.3189,0.0644,0.078,0.1084,0.1642,0.31654528,0.2046955,0,0.16231857754418222,"{""geodesic"":false,""type"":""Point"",""coordinates"":[7.8550035916337135,46.67965118210896]}"
1_1_2_00000000000000000019_0,0.3568,0.3493,0.0718,0.0907,0.1268,0.2082,0.26300886,0.24298505,0,0.5333758265160805,"{""geodesic"":false,""type"":""Point"",""coordinates"":[7.890307382299611,46.68378343241591]}"
1_1_2_00000000000000000027_0,0.2624,0.219,0.0812,0.0879,0.0959,0.1948,0.1478565,0.3402133,0,0.197467920698551,"{""geodesic"":false,""type"":""Point"",""coordinates"":[7.860662977923667,46.679471519052136]}"
1_1_2_00000000000000000011_0,0.05675,0.0352,0.07925,0.0757,0.0299,0.0197,0.48463047,-0.20564516,0,0.5674531848617484,"{""geodesic"":false,""type"":""Point"",""coordinates"":[7.873958044128636,46.692766585257104]}"
1_1_2_00000000000000000025_0,0.298,0.2742,0.0893,0.104,0.1376,0.2338,0.1207221,0.2590199,0,0.23278517951390298,"{""geodesic"":false,""type"":""Point"",""coordinates"":[7.891475192168967,46.68360376935909]}"
1_1_2_0000000000000000000d_0,0.1748,0.1304,0.0775,0.0745,0.0775,0.0962,0.2900369,0.10765686,0,0.0740034785127287,"{""geodesic"":false,""type"":""Point"",""coordinates"":[7.87737164220829,46.688993661063805]}"
1_1_2_00000000000000000007_0,0.2776,0.2732,0.0544,0.0649,0.0756,0.1263,0.37459764,0.25111446,0,0.5580777340063824,"{""geodesic"":false,""type"":""Point"",""coordinates"":[7.857069716787189,46.686658041325096]}"
1_1_2_0000000000000000000c_0,0.0515,0.0323,0.0929,0.0924,0.0369,0.0211,0.4187328,-0.2724138,0,0.4612609907583909,"{""geodesic"":false,""type"":""Point"",""coordinates"":[7.869825793821686,46.69222759608663]}"
1_1_2_0000000000000000002e_0,0.2868,0.2559,0.0841,0.108,0.134,0.2021,0.17324607,0.20261824,0,0.4150424839976733,"{""geodesic"":false,""type"":""Point"",""coordinates"":[7.86452573364538,46.687286862023974]}"
1_1_2_00000000000000000040_0,0.05735,0.03695,0.08585,0.0856,0.03655,0.0196,0.4905783,-0.30187,0,0.42020105639207717,"{""geodesic"":false,""type"":""Point"",""coordinates"":[7.867310511026151,46.69096995468887]}"
1_1_2_0000000000000000000e_0,0.2812,0.2568,0.0884,0.1026,0.1098,0.1622,0.26838067,0.19264705,0,0.6698720125833814,"{""geodesic"":false,""type"":""Point"",""coordinates"":[7.876383495395759,46.692137764558225]}"
1_1_2_00000000000000000038_0,0.2558,0.2339,0.0833,0.0971,0.1074,0.1748,0.18810965,0.23883769,0,0.2488971535858806,"{""geodesic"":false,""type"":""Point"",""coordinates"":[7.856800222201953,46.68126814962037]}"
1_1_2_00000000000000000009_0,0.19,0.1458,0.0907,0.0876,0.0861,0.1007,0.30718955,0.07815847,0,0.010065880670947824,"{""geodesic"":false,""type"":""Point"",""coordinates"":[7.852488308838179,46.681627475734025]}"
1_1_2_00000000000000000044_0,0.0336,0.0267,0.0946,0.0943,0.0392,0.0208,0.2352941,-0.30666667,0,0.6170779187624759,"{""geodesic"":false,""type"":""Point"",""coordinates"":[7.872341076617221,46.692586922200285]}"
1_1_2_00000000000000000017_0,0.1946,0.168,0.0996,0.1156,0.1246,0.1546,0.11454756,0.10744984,0,0.25444790063035627,"{""geodesic"":false,""type"":""Point"",""coordinates"":[7.850871341326764,46.678034214597545]}"
1_1_2_00000000000000000029_0,0.2304,0.158,0.0967,0.1038,0.1013,0.1555,0.19409174,0.21105917,0,0.6512236981643029,"{""geodesic"":false,""type"":""Point"",""coordinates"":[7.863896912946497,46.683064780188616]}"
1_1_2_00000000000000000026_0,0.3177,0.2863,0.1023,0.1354,0.196,0.2773,0.06789916,0.17177267,0,0.6188207407411259,"{""geodesic"":false,""type"":""Point"",""coordinates"":[7.891475192168967,46.68513090534209]}"
1_1_2_00000000000000000024_0,0.2708,0.2359,0.0976,0.1114,0.119,0.1826,0.19453019,0.21087533,0,0.38141215220871827,"{""geodesic"":false,""type"":""Point"",""coordinates"":[7.886534458106309,46.68270545407497]}"
1_1_2_00000000000000000049_0,0.219,0.2009,0.1005,0.1196,0.1304,0.165,0.14062497,0.117129326,0,0.6183266960748822,"{""geodesic"":false,""type"":""Point"",""coordinates"":[7.888600583259784,46.68423259005797]}"
1_1_2_00000000000000000043_0,0.3191,0.2571,0.102,0.1242,0.1266,0.1705,0.30351308,0.14776169,0,0.041773682875717255,"{""geodesic"":false,""type"":""Point"",""coordinates"":[7.873508886486576,46.6919581015014]}"
1_1_2_00000000000000000020_0,0.2371,0.1989,0.1868,0.189,0.196,0.1924,0.10407453,-0.009268799,0,0.5843539407929327,"{""geodesic"":false,""type"":""Point"",""coordinates"":[7.872251245088808,46.68549023145574]}"
1_2_1_0000000000000000004b_0,0.1792,0.0767,0.019,0.0465,0.0205,0.4389,-0.42015857,0.91075313,1,0.6827169645513125,"{""geodesic"":false,""type"":""Point"",""coordinates"":[7.866681690327267,46.700671759757356]}"
1_2_1_0000000000000000004c_0,0.1762,0.0796,0.0211,0.0518,0.0221,0.3838,-0.37071428,0.8911062,1,0.347497493159759,"{""geodesic"":false,""type"":""Point"",""coordinates"":[7.86497489128744,46.69824630849023]}"
1_2_1_0000000000000000004d_0,0.1899,0.0878,0.0197,0.0465,0.024,0.3803,-0.33391792,0.88127625,1,0.5922640031230665,"{""geodesic"":false,""type"":""Point"",""coordinates"":[7.868568152423919,46.696898835564056]}"
1_2_1_0000000000000000004e_0,0.1891,0.0861,0.0165,0.0376,0.0185,0.3536,-0.30311406,0.9005644,1,0.19991124962462514,"{""geodesic"":false,""type"":""Point"",""coordinates"":[7.867490174082975,46.69285641678552]}"
1_2_1_0000000000000000004f_0,0.1618,0.0712,0.0157,0.0372,0.0179,0.3586,-0.37817064,0.90491366,1,0.060959711761972124,"{""geodesic"":false,""type"":""Point"",""coordinates"":[7.867939331725035,46.69537169958105]}"
1_2_1_00000000000000000050_0,0.159,0.0775,0.0222,0.0422,0.0285,0.2872,-0.28731513,0.8194488,1,0.5762687526960992,"{""geodesic"":false,""type"":""Point"",""coordinates"":[7.862010450849846,46.69833614001865]}"
1_2_1_00000000000000000051_0,0.1635,0.0669,0.022,0.0481,0.0244,0.493,-0.5019041,0.90568227,1,0.22411684689996292,"{""geodesic"":false,""type"":""Point"",""coordinates"":[7.884198838367598,46.69132928080251]}"
1_2_1_00000000000000000053_0,0.1836,0.0858,0.0233,0.0514,0.0284,0.3653,-0.3310257,0.85572773,1,0.07262038239964486,"{""geodesic"":false,""type"":""Point"",""coordinates"":[7.880695408759532,46.689981807876336]}"
1_2_1_00000000000000000054_0,0.222,0.1045,0.0317,0.071,0.0318,0.4263,-0.31513187,0.8611657,1,0.6870535818722698,"{""geodesic"":false,""type"":""Point"",""coordinates"":[7.887881931032489,46.6867478728535]}"
1_2_1_00000000000000000055_0,0.2236,0.1051,0.0305,0.0727,0.0448,0.4095,-0.2936345,0.8027735,1,0.24549455539916387,"{""geodesic"":false,""type"":""Point"",""coordinates"":[7.887073447276781,46.68629871521144]}"
1_2_1_00000000000000000056_0,0.2059,0.0906,0.0264,0.0664,0.0266,0.4755,-0.395656,0.894045,1,0.3681761217791758,"{""geodesic"":false,""type"":""Point"",""coordinates"":[7.885815805879013,46.6852207368705]}"
1_2_1_00000000000000000058_0,0.1806,0.0748,0.0252,0.0534,0.0276,0.4489,-0.4262113,0.88415533,1,0.2794337277210174,"{""geodesic"":false,""type"":""Point"",""coordinates"":[7.883659849197127,46.69105978621728]}"
1_2_1_00000000000000000059_0,0.2096,0.1057,0.0312,0.0624,0.0319,0.4068,-0.31992212,0.8545703,1,0.14556581495076482,"{""geodesic"":false,""type"":""Point"",""coordinates"":[7.875664843168463,46.685669894512564]}"
1_2_1_0000000000000000005a_0,0.1873,0.0862,0.029,0.0676,0.0298,0.4316,-0.3947326,0.8708279,1,0.15580422674743266,"{""geodesic"":false,""type"":""Point"",""coordinates"":[7.877281810679878,46.68513090534209]}"
1_2_1_0000000000000000005b_0,0.2122,0.0965,0.0319,0.0711,0.035,0.4397,-0.34897992,0.85253847,1,0.4947488796012548,"{""geodesic"":false,""type"":""Point"",""coordinates"":[7.880515745702708,46.68441225311479]}"
1_2_1_0000000000000000005d_0,0.2134,0.1044,0.0271,0.067,0.0331,0.4462,-0.3529412,0.8618819,1,0.21955461999496784,"{""geodesic"":false,""type"":""Point"",""coordinates"":[7.883749680725538,46.685400399927325]}"
1_2_1_00000000000000000060_0,0.2136,0.0997,0.0319,0.0717,0.0311,0.4904,-0.39318183,0.88072866,1,0.6030030641034508,"{""geodesic"":false,""type"":""Point"",""coordinates"":[7.884109006839187,46.68441225311479]}"
1_2_1_00000000000000000061_0,0.2087,0.0984,0.0314,0.0741,0.0379,0.4109,-0.32633957,0.8311052,1,0.6886998733719537,"{""geodesic"":false,""type"":""Point"",""coordinates"":[7.880425914174296,46.68360376935909]}"
1_2_1_00000000000000000062_0,0.2164,0.1027,0.0324,0.0743,0.031,0.3993,-0.29706028,0.8559145,1,0.11364548549230191,"{""geodesic"":false,""type"":""Point"",""coordinates"":[7.883929343782363,46.682795285603376]}"
1_2_1_00000000000000000063_0,0.2153,0.1046,0.033,0.0694,0.0327,0.4151,-0.31694165,0.85395265,1,0.5223582617144041,"{""geodesic"":false,""type"":""Point"",""coordinates"":[7.876563158452583,46.68692753591033]}"
1_2_1_00000000000000000064_0,0.2642,0.1277,0.0304,0.0649,0.0402,0.4344,-0.24363011,0.8305942,1,0.2782963811285015,"{""geodesic"":false,""type"":""Point"",""coordinates"":[7.873419054958164,46.68441225311479]}"
1_2_1_00000000000000000065_0,0.2555,0.1252,0.0303,0.0653,0.0386,0.4568,-0.28260568,0.84416634,1,0.6608658056248233,"{""geodesic"":false,""type"":""Point"",""coordinates"":[7.872071582031984,46.68423259005797]}"
1_2_1_00000000000000000066_0,0.2356,0.1514,0.0325,0.0663,0.0361,0.4147,-0.27541137,0.8398403,1,0.48353854604858226,"{""geodesic"":false,""type"":""Point"",""coordinates"":[7.870903772162629,46.68441225311479]}"
1_2_1_00000000000000000067_0,0.1749,0.0997,0.043,0.0589,0.05,0.2433,-0.16355813,0.6590522,1,0.09050963042539562,"{""geodesic"":false,""type"":""Point"",""coordinates"":[7.869915625350098,46.68513090534209]}"
1_2_1_00000000000000000068_0,0.2273,0.1205,0.0296,0.0717,0.0274,0.5117,-0.38484436,0.8983491,1,0.4758115295823867,"{""geodesic"":false,""type"":""Point"",""coordinates"":[7.869017310065979,46.68764618813763]}"
1_2_1_00000000000000000069_0,0.2172,0.1122,0.0324,0.07,0.0354,0.4356,-0.33455884,0.84968156,1,0.1583682246050262,"{""geodesic"":false,""type"":""Point"",""coordinates"":[7.866502027270443,46.6874665250808]}"
1_2_1_0000000000000000006a_0,0.2217,0.1262,0.0462,0.0863,0.0487,0.3964,-0.28264037,0.78117275,1,0.28563361034059875,"{""geodesic"":false,""type"":""Point"",""coordinates"":[7.86308842919079,46.6874665250808]}"
1_2_1_0000000000000000006b_0,0.2036,0.116,0.0355,0.0634,0.0419,0.3815,-0.3040506,0.8020784,1,0.21279770239753015,"{""geodesic"":false,""type"":""Point"",""coordinates"":[7.864795228230617,46.68773601966603]}"
1_2_1_0000000000000000006c_0,0.1799,0.0962,0.0274,0.043,0.0311,0.3891,-0.36766255,0.85197526,1,0.6686840485587281,"{""geodesic"":false,""type"":""Point"",""coordinates"":[7.858686684298604,46.68737669355239]}"
1_2_1_0000000000000000006d_0,0.142,0.0774,0.0211,0.0357,0.0257,0.1773,-0.11055434,0.74679804,1,0.0906222711155561,"{""geodesic"":false,""type"":""Point"",""coordinates"":[7.859315504997488,46.68773601966603]}"
1_2_1_00000000000000000071_0,0.248,0.1283,0.036,0.0698,0.0511,0.342,-0.15932205,0.74001527,1,0.6531866746153993,"{""geodesic"":false,""type"":""Point"",""coordinates"":[7.859135841940663,46.68549023145574]}"
1_2_1_00000000000000000072_0,0.2394,0.1315,0.0399,0.0743,0.0531,0.3378,-0.17047817,0.7283192,1,0.5769778033624993,"{""geodesic"":false,""type"":""Point"",""coordinates"":[7.85805786359972,46.685400399927325]}"
1_2_1_00000000000000000073_0,0.2647,0.1962,0.0931,0.1218,0.151,0.3325,-0.11352983,0.37538782,1,0.23721882510657444,"{""geodesic"":false,""type"":""Point"",""coordinates"":[7.855632412332597,46.680908823506726]}"
1_2_1_00000000000000000074_0,0.19695,0.11685,0.03245,0.0672,0.0408,0.39825,-0.33820567,0.8141442,1,0.26224518969077326,"{""geodesic"":false,""type"":""Point"",""coordinates"":[7.8532069610654744,46.68045966586467]}"
1_2_1_00000000000000000075_0,0.1936,0.0819,0.0164,0.0359,0.0177,0.4768,-0.42243436,0.92841256,1,0.6219243649399865,"{""geodesic"":false,""type"":""Point"",""coordinates"":[7.851500162025648,46.675339268745184]}"
1_2_1_00000000000000000076_0,0.1734,0.0832,0.0236,0.049,0.0265,0.3646,-0.35539034,0.8644848,1,0.5938849828149536,"{""geodesic"":false,""type"":""Point"",""coordinates"":[7.857429042900836,46.67794438306913]}"
1_2_1_00000000000000000077_0,0.1879,0.1249,0.02175,0.0406,0.0297,0.26645,-0.1728843,0.79942596,1,0.48133436039681765,"{""geodesic"":false,""type"":""Point"",""coordinates"":[7.854644265520066,46.683513937830675]}"
1_2_1_00000000000000000078_0,0.1854,0.14035,0.02895,0.05205,0.0398,0.2687,-0.18343979,0.74197733,1,0.5346311260943133,"{""geodesic"":false,""type"":""Point"",""coordinates"":[7.854015444821182,46.682795285603376]}"
1_2_1_0000000000000000007c_0,0.1206,0.0576,0.0147,0.0253,0.0162,0.174,-0.18126272,0.82965297,1,0.29529429513493444,"{""geodesic"":false,""type"":""Point"",""coordinates"":[7.855183254690537,46.67713589931343]}"
1_2_1_0000000000000000007d_0,0.2331,0.1262,0.0387,0.0757,0.0449,0.3703,-0.22737819,0.7837187,1,0.5151574042044417,"{""geodesic"":false,""type"":""Point"",""coordinates"":[7.874856359412755,46.68477157922844]}"
1_2_1_0000000000000000007e_0,0.2177,0.1183,0.0385,0.0797,0.0374,0.4928,-0.3871921,0.8589212,1,0.2921456305956569,"{""geodesic"":false,""type"":""Point"",""coordinates"":[7.8747665278843435,46.683513937830675]}"
1_2_1_0000000000000000007f_0,0.224,0.1277,0.0387,0.0758,0.0445,0.4196,-0.30391547,0.808231,1,0.6708187118484015,"{""geodesic"":false,""type"":""Point"",""coordinates"":[7.882581870856183,46.6829749486602]}"
1_2_1_00000000000000000080_0,0.2357,0.1412,0.0324,0.0716,0.0462,0.3569,-0.20452246,0.7707765,1,0.1688487258434621,"{""geodesic"":false,""type"":""Point"",""coordinates"":[7.8889599093734315,46.686837704381915]}"
1_2_1_00000000000000000081_0,0.1016,0.0495,0.0186,0.0367,0.0227,0.218,-0.36420524,0.8113835,1,0.6147002502521457,"{""geodesic"":false,""type"":""Point"",""coordinates"":[7.866861353384092,46.70273788491083]}"
1_2_1_00000000000000000082_0,0.2125,0.0976,0.0281,0.0705,0.0317,0.4673,-0.37481612,0.8729459,1,0.2116678772812094,"{""geodesic"":false,""type"":""Point"",""coordinates"":[7.872610571202457,46.69384456359805]}"
1_2_1_00000000000000000083_0,0.2343,0.1242,0.0321,0.0712,0.0307,0.4972,-0.3593985,0.8836901,1,0.07570774956172033,"{""geodesic"":false,""type"":""Point"",""coordinates"":[7.886893784219957,46.689442818705864]}"
1_2_1_00000000000000000084_0,0.2288,0.126,0.0473,0.0875,0.0606,0.4343,-0.309908,0.75510204,1,0.29093402390074585,"{""geodesic"":false,""type"":""Point"",""coordinates"":[7.886354795049485,46.691149617745694]}"
1_2_1_00000000000000000086_0,0.2127,0.1674,0.0408,0.0685,0.058,0.2608,-0.10158397,0.6361355,1,0.17086063537865037,"{""geodesic"":false,""type"":""Point"",""coordinates"":[7.891834518282614,46.69052079704681]}"
1_2_1_00000000000000000087_0,0.2088,0.0935,0.0203,0.0448,0.0223,0.464,-0.37931034,0.90828705,1,0.3657830916445509,"{""geodesic"":false,""type"":""Point"",""coordinates"":[7.859764662639547,46.67911219293849]}"
1_2_1_00000000000000000088_0,0.2676,0.1941,0.0406,0.0585,0.0537,0.2765,-0.016357264,0.6747426,1,0.6573542345544485,"{""geodesic"":false,""type"":""Point"",""coordinates"":[7.863268092247614,46.68315461171703]}"
1_2_1_00000000000000000089_0,0.2558,0.1714,0.0281,0.0501,0.0399,0.3198,-0.11118829,0.7781485,1,0.49247860361260487,"{""geodesic"":false,""type"":""Point"",""coordinates"":[7.860034157224783,46.683963095472734]}"
1_2_1_0000000000000000008a_0,0.2109,0.1228,0.0286,0.0525,0.0354,0.3808,-0.2871388,0.8298895,1,0.6325344586707168,"{""geodesic"":false,""type"":""Point"",""coordinates"":[7.862369776963494,46.682795285603376]}"
1_2_1_0000000000000000008c_0,0.2236,0.1262,0.0379,0.0728,0.0527,0.3452,-0.21378341,0.7351093,1,0.3471864762170397,"{""geodesic"":false,""type"":""Point"",""coordinates"":[7.870813940634218,46.688724166478565]}"
1_2_1_0000000000000000008d_0,0.1639,0.1018,0.0267,0.0629,0.0294,0.394,-0.4124395,0.8611242,1,0.3552437033708823,"{""geodesic"":false,""type"":""Point"",""coordinates"":[7.867310511026151,46.689981807876336]}"
1_2_1_0000000000000000008f_0,0.1585,0.0755,0.0208,0.0413,0.0242,0.3098,-0.3230835,0.85508984,1,0.6724567960210341,"{""geodesic"":false,""type"":""Point"",""coordinates"":[7.862100282378258,46.69788698237659]}"
1_2_1_00000000000000000090_0,0.2003,0.0862,0.0196,0.0453,0.0189,0.4868,-0.41696987,0.92525214,1,0.020192450208206147,"{""geodesic"":false,""type"":""Point"",""coordinates"":[7.8625494400203175,46.69609035180835]}"
1_2_1_00000000000000000092_0,0.2005,0.1331,0.0394,0.0709,0.0524,0.3175,-0.22586873,0.71668017,1,0.6434261725661269,"{""geodesic"":false,""type"":""Point"",""coordinates"":[7.884468332952834,46.688544503421745]}"
1_2_1_00000000000000000093_0,0.2556,0.2033,0.0367,0.0601,0.0477,0.2868,-0.057522107,0.7147982,1,0.10149223153960862,"{""geodesic"":false,""type"":""Point"",""coordinates"":[7.85805786359972,46.6829749486602]}"
1_2_1_00000000000000000094_0,0.2475,0.1566,0.0441,0.067,0.0662,0.2578,-0.02038395,0.591358,1,0.20579044492074228,"{""geodesic"":false,""type"":""Point"",""coordinates"":[7.858866347355428,46.68189697031926]}"
1_2_1_00000000000000000095_0,0.2179,0.1229,0.0405,0.0721,0.048,0.3746,-0.26447257,0.77283484,1,0.5475763503281125,"{""geodesic"":false,""type"":""Point"",""coordinates"":[7.8889599093734315,46.682795285603376]}"
1_2_2_0000000000000000008f_0,0.1355,0.0603,0.0137,0.031,0.0155,0.2964,-0.37253997,0.9006092,1,0.6431863469962998,"{""geodesic"":false,""type"":""Point"",""coordinates"":[7.865513880457912,46.69986327600165]}"
1_2_2_00000000000000000071_0,0.1714,0.0719,0.0154,0.0376,0.015,0.4287,-0.42876187,0.93238676,1,0.405998209387218,"{""geodesic"":false,""type"":""Point"",""coordinates"":[7.866681690327267,46.69887512918912]}"
1_2_2_00000000000000000068_0,0.1749,0.0742,0.016,0.0382,0.0185,0.3936,-0.38469657,0.910216,1,0.11256546955536173,"{""geodesic"":false,""type"":""Point"",""coordinates"":[7.86497489128744,46.69249709067187]}"
1_2_2_0000000000000000006e_0,0.1705,0.0726,0.0165,0.0372,0.0185,0.4096,-0.41217032,0.9135716,1,0.6725562170929825,"{""geodesic"":false,""type"":""Point"",""coordinates"":[7.860752809452078,46.69707849862088]}"
1_2_2_00000000000000000058_0,0.1908,0.0832,0.0168,0.0357,0.0194,0.4069,-0.36155263,0.9089843,1,0.13917093994713214,"{""geodesic"":false,""type"":""Point"",""coordinates"":[7.854284939406418,46.67740539389866]}"
1_2_2_0000000000000000006f_0,0.1459,0.0649,0.0169,0.0361,0.0193,0.3458,-0.40654874,0.89427555,1,0.43862591601239387,"{""geodesic"":false,""type"":""Point"",""coordinates"":[7.8625494400203175,46.699503949888005]}"
1_2_2_0000000000000000008e_0,0.1859,0.0844,0.0164,0.0384,0.0178,0.3417,-0.29529944,0.90097356,1,0.34569565569947813,"{""geodesic"":false,""type"":""Point"",""coordinates"":[7.863986744474909,46.69842597154706]}"
1_2_2_0000000000000000008d_0,0.1595,0.069,0.0172,0.0441,0.0194,0.3584,-0.38405097,0.8973001,1,0.5020546810970348,"{""geodesic"":false,""type"":""Point"",""coordinates"":[7.8654240489295,46.698066645433414]}"
1_2_2_00000000000000000072_0,0.199,0.0868,0.0176,0.0445,0.0194,0.4948,-0.42634764,0.92454296,1,0.6982306119893226,"{""geodesic"":false,""type"":""Point"",""coordinates"":[7.8625494400203175,46.696359846393584]}"
1_2_2_00000000000000000074_0,0.1897,0.0976,0.0179,0.0433,0.0202,0.4707,-0.42549968,0.9177022,1,0.6269642637602314,"{""geodesic"":false,""type"":""Point"",""coordinates"":[7.872341076617221,46.69537169958105]}"
1_2_2_0000000000000000006b_0,0.1871,0.0773,0.0166,0.0384,0.016,0.4874,-0.44521868,0.93643224,1,0.17215984801064121,"{""geodesic"":false,""type"":""Point"",""coordinates"":[7.868478320895506,46.700222602115296]}"
1_2_2_00000000000000000066_0,0.1776,0.0797,0.0182,0.041,0.0181,0.4448,-0.4293059,0.92179734,1,0.17940785097524914,"{""geodesic"":false,""type"":""Point"",""coordinates"":[7.86452573364538,46.695641194166285]}"
1_2_2_0000000000000000006a_0,0.1812,0.0767,0.0181,0.0467,0.0202,0.4923,-0.46191537,0.9211707,1,0.613196807493009,"{""geodesic"":false,""type"":""Point"",""coordinates"":[7.8654240489295,46.69510220499582]}"
1_2_2_0000000000000000006d_0,0.1792,0.0767,0.0191,0.0482,0.0196,0.4371,-0.41846505,0.91416687,1,0.6573117494774708,"{""geodesic"":false,""type"":""Point"",""coordinates"":[7.866502027270443,46.70076159128577]}"
1_2_2_0000000000000000006c_0,0.1276,0.0574,0.0202,0.0435,0.0208,0.3161,-0.4248366,0.8765212,1,0.05044039950955104,"{""geodesic"":false,""type"":""Point"",""coordinates"":[7.864256239060145,46.701120917399415]}"
1_2_2_00000000000000000064_0,0.1275,0.0598,0.0187,0.043,0.0223,0.3532,-0.4695236,0.88122505,1,0.4581656088226257,"{""geodesic"":false,""type"":""Point"",""coordinates"":[7.881683555572064,46.688275008836506]}"
1_2_2_0000000000000000008c_0,0.1738,0.0756,0.0181,0.0458,0.0192,0.4152,-0.40984717,0.9116022,1,0.6338380419632731,"{""geodesic"":false,""type"":""Point"",""coordinates"":[7.87000545687851,46.69465304735375]}"
1_2_2_00000000000000000057_0,0.2416,0.1032,0.0214,0.0465,0.0209,0.5736,-0.407262,0.9296888,1,0.30405365433068066,"{""geodesic"":false,""type"":""Point"",""coordinates"":[7.851949319667708,46.67569859485884]}"
1_2_2_00000000000000000054_0,0.2316,0.1025,0.0228,0.0494,0.0239,0.6084,-0.4485714,0.92440295,1,0.6296410629817374,"{""geodesic"":false,""type"":""Point"",""coordinates"":[7.8554527492757735,46.67785455154072]}"
1_2_2_00000000000000000056_0,0.2085,0.0916,0.0225,0.0513,0.0228,0.4633,-0.37927955,0.9061921,1,0.3046270357795796,"{""geodesic"":false,""type"":""Point"",""coordinates"":[7.850781509798352,46.67596808944407]}"
1_2_2_00000000000000000055_0,0.2112,0.0989,0.0224,0.0539,0.0237,0.5536,-0.44769874,0.91789365,1,0.16947706453681022,"{""geodesic"":false,""type"":""Point"",""coordinates"":[7.852308645781355,46.67605792097248]}"
1_2_2_00000000000000000053_0,0.1811,0.0805,0.0245,0.0473,0.0243,0.4119,-0.38920745,0.88858324,1,0.6459517201861837,"{""geodesic"":false,""type"":""Point"",""coordinates"":[7.859135841940663,46.6792020244669]}"
1_2_2_0000000000000000005b_0,0.163,0.0663,0.0228,0.0495,0.0244,0.4908,-0.50137657,0.9052795,1,0.2882882143640384,"{""geodesic"":false,""type"":""Point"",""coordinates"":[7.88383951225395,46.6919581015014]}"
1_2_2_00000000000000000093_0,0.1869,0.0848,0.0271,0.0508,0.0293,0.3902,-0.35227862,0.8603099,1,0.0031076010799159226,"{""geodesic"":false,""type"":""Point"",""coordinates"":[7.880785240287944,46.690430965518395]}"
1_2_2_00000000000000000082_0,0.175,0.1059,0.0264,0.0672,0.0331,0.4232,-0.41491142,0.85492,1,0.13679766988616737,"{""geodesic"":false,""type"":""Point"",""coordinates"":[7.869915625350098,46.684951242285265]}"
1_2_2_00000000000000000084_0,0.2294,0.1138,0.0272,0.0596,0.0351,0.4288,-0.30294743,0.8486743,1,0.1137114396560539,"{""geodesic"":false,""type"":""Point"",""coordinates"":[7.865334217401088,46.6836936008875]}"
1_2_2_0000000000000000004b_0,0.2151,0.1022,0.0273,0.067,0.03,0.4939,-0.3932299,0.8854743,1,0.48934315846871534,"{""geodesic"":false,""type"":""Point"",""coordinates"":[7.88060557723112,46.68719703049556]}"
1_2_2_0000000000000000004e_0,0.1919,0.0871,0.0292,0.067,0.0288,0.4415,-0.3940638,0.877525,1,0.4053553765114807,"{""geodesic"":false,""type"":""Point"",""coordinates"":[7.8776411367935255,46.68549023145574]}"
1_2_2_0000000000000000004c_0,0.2118,0.0915,0.0265,0.0697,0.0257,0.5095,-0.41272706,0.9039611,1,0.2975956514091217,"{""geodesic"":false,""type"":""Point"",""coordinates"":[7.8856361428221895,46.68602922062621]}"
1_2_2_00000000000000000062_0,0.1328,0.0606,0.0314,0.0702,0.0359,0.3737,-0.475617,0.82470703,1,0.6265861493533813,"{""geodesic"":false,""type"":""Point"",""coordinates"":[7.88842092020296,46.69105978621728]}"
1_2_2_00000000000000000065_0,0.2058,0.0974,0.0282,0.0662,0.0296,0.482,-0.40157023,0.8842846,1,0.4302753877329133,"{""geodesic"":false,""type"":""Point"",""coordinates"":[7.872700402730868,46.6934852374844]}"
1_2_2_00000000000000000090_0,0.2177,0.0971,0.03,0.066,0.03,0.483,-0.37862137,0.88304096,1,0.5109213743761505,"{""geodesic"":false,""type"":""Point"",""coordinates"":[7.872251245088808,46.694024226654875]}"
1_2_2_00000000000000000087_0,0.1949,0.1304,0.0305,0.0565,0.0454,0.2886,-0.19379522,0.7281437,1,0.44390913695499523,"{""geodesic"":false,""type"":""Point"",""coordinates"":[7.877281810679878,46.69070046010363]}"
1_2_2_0000000000000000008a_0,0.1843,0.0879,0.0305,0.0689,0.0293,0.4331,-0.4029802,0.8732699,1,0.3353571339209468,"{""geodesic"":false,""type"":""Point"",""coordinates"":[7.8771919791514655,46.68468174770003]}"
1_2_2_0000000000000000007c_0,0.2177,0.1183,0.0345,0.0753,0.0385,0.4752,-0.3716265,0.8501071,1,0.1797693894115745,"{""geodesic"":false,""type"":""Point"",""coordinates"":[7.8747665278843435,46.68360376935909]}"
1_2_2_0000000000000000008b_0,0.2106,0.1025,0.0347,0.07,0.0388,0.4288,-0.3412574,0.8340462,1,0.23276933052614135,"{""geodesic"":false,""type"":""Point"",""coordinates"":[7.880785240287944,46.68342410630226]}"
1_2_2_0000000000000000004d_0,0.2079,0.0964,0.0324,0.0695,0.0354,0.4408,-0.35902575,0.851323,1,0.5851735014403996,"{""geodesic"":false,""type"":""Point"",""coordinates"":[7.880875071816356,46.68423259005797]}"
1_2_2_0000000000000000005a_0,0.2038,0.1012,0.0321,0.0648,0.0328,0.4498,-0.37637702,0.86406964,1,0.5522886396576339,"{""geodesic"":false,""type"":""Point"",""coordinates"":[7.870903772162629,46.68800551425127]}"
1_2_2_0000000000000000007b_0,0.2137,0.1183,0.0353,0.0748,0.0398,0.4315,-0.33756974,0.8311055,1,0.6682689341480931,"{""geodesic"":false,""type"":""Point"",""coordinates"":[7.887792099504076,46.683963095472734]}"
1_2_2_00000000000000000094_0,0.2357,0.1412,0.0324,0.0709,0.0468,0.4008,-0.25938725,0.79088473,1,0.06917155021658872,"{""geodesic"":false,""type"":""Point"",""coordinates"":[7.889139572430255,46.686837704381915]}"
1_2_2_00000000000000000050_0,0.227,0.1133,0.0325,0.0709,0.0384,0.4165,-0.2944833,0.8311717,1,0.4762539685503083,"{""geodesic"":false,""type"":""Point"",""coordinates"":[7.861830787793022,46.68656820979668]}"
1_2_2_00000000000000000051_0,0.2146,0.1124,0.0319,0.0753,0.0314,0.4821,-0.38395295,0.87770206,1,2.386904325027972E-4,"{""geodesic"":false,""type"":""Point"",""coordinates"":[7.866861353384092,46.687556356609214]}"
1_2_2_0000000000000000007d_0,0.2109,0.1144,0.034,0.0807,0.0415,0.4605,-0.37176052,0.83466136,1,0.16946471647030525,"{""geodesic"":false,""type"":""Point"",""coordinates"":[7.868478320895506,46.68656820979668]}"
1_2_2_00000000000000000078_0,0.2385,0.1425,0.0448,0.0768,0.0655,0.3442,-0.18139693,0.68025386,1,0.023690665066505967,"{""geodesic"":false,""type"":""Point"",""coordinates"":[7.882761533913007,46.684502084643206]}"
1_2_2_0000000000000000004f_0,0.2304,0.1177,0.0349,0.0708,0.0367,0.4709,-0.34293455,0.85539794,1,0.5903175354302532,"{""geodesic"":false,""type"":""Point"",""coordinates"":[7.872880065787692,46.68890382953539]}"
1_2_2_0000000000000000007f_0,0.2592,0.1632,0.0354,0.0749,0.0441,0.4826,-0.30115932,0.83254224,1,0.2752790735438734,"{""geodesic"":false,""type"":""Point"",""coordinates"":[7.8736885495434,46.68701736743874]}"
1_2_2_00000000000000000088_0,0.2235,0.1232,0.0369,0.0757,0.0387,0.4088,-0.2930571,0.8270391,1,0.4172848533244756,"{""geodesic"":false,""type"":""Point"",""coordinates"":[7.870903772162629,46.689442818705864]}"
1_2_2_00000000000000000063_0,0.2002,0.153,0.0405,0.0742,0.0425,0.438,-0.37261045,0.8231009,1,0.2717870797504842,"{""geodesic"":false,""type"":""Point"",""coordinates"":[7.88752260491884,46.68252579101814]}"
1_2_2_00000000000000000079_0,0.2036,0.1274,0.0487,0.0807,0.0667,0.3265,-0.23184304,0.66073245,1,0.3170846669503532,"{""geodesic"":false,""type"":""Point"",""coordinates"":[7.888331088674548,46.682795285603376]}"
1_2_2_00000000000000000083_0,0.2087,0.1448,0.0535,0.0893,0.057,0.4395,-0.35606295,0.7703928,1,0.25904411429336927,"{""geodesic"":false,""type"":""Point"",""coordinates"":[7.866052869628384,46.68405292700115]}"
1_2_2_0000000000000000007e_0,0.2238,0.1435,0.0536,0.0908,0.0479,0.4177,-0.3022603,0.794244,1,0.32198610957425655,"{""geodesic"":false,""type"":""Point"",""coordinates"":[7.868747815480742,46.68575972604097]}"
1_2_2_00000000000000000095_0,0.258,0.1525,0.053,0.1076,0.0563,0.4169,-0.23544233,0.7620457,1,0.28929992656767667,"{""geodesic"":false,""type"":""Point"",""coordinates"":[7.891565023697378,46.68234612796132]}"
2_1_1_00000000000000000000_0,0.2525,0.2382,0.0401,0.0462,0.0662,0.1107,0.3904185,0.25155452,0,0.5935387082602832,"{""geodesic"":false,""type"":""Point"",""coordinates"":[7.855991738446245,46.68468174770003]}"
2_1_1_00000000000000000006_0,0.17,0.1475,0.0778,0.0924,0.0999,0.1321,0.12545516,0.13879311,0,0.6006378921720429,"{""geodesic"":false,""type"":""Point"",""coordinates"":[7.872880065787692,46.691149617745694]}"
2_1_1_00000000000000000009_0,0.2942,0.2268,0.0886,0.0994,0.116,0.1652,0.28080106,0.17496444,0,0.18095350629274798,"{""geodesic"":false,""type"":""Point"",""coordinates"":[7.873419054958164,46.6919581015014]}"
2_1_1_0000000000000000000b_0,0.015,0.0111,0.0217,0.0218,0.0067,0.0133,0.06007067,0.33,0,0.0017070701928296739,"{""geodesic"":false,""type"":""Point"",""coordinates"":[7.8894090670154915,46.6912394492741]}"
2_1_1_0000000000000000000c_0,0.2068,0.1682,0.07,0.0799,0.0838,0.1042,0.32990354,0.10851061,0,0.09560877608576557,"{""geodesic"":false,""type"":""Point"",""coordinates"":[7.889319235487079,46.68980214481951]}"
2_1_1_0000000000000000000d_0,0.1684,0.1307,0.074,0.0842,0.084,0.0959,0.27430952,0.066147864,0,0.11797896974084765,"{""geodesic"":false,""type"":""Point"",""coordinates"":[7.888151425617724,46.689442818705864]}"
2_1_1_0000000000000000000f_0,0.2966,0.2659,0.0574,0.0756,0.1096,0.2432,0.098925546,0.37868482,0,0.1436979345164433,"{""geodesic"":false,""type"":""Point"",""coordinates"":[7.890756539941671,46.68504107381368]}"
2_1_1_00000000000000000010_0,0.3117,0.2816,0.0487,0.0686,0.0798,0.2076,0.20046215,0.4446764,0,0.4985690106692957,"{""geodesic"":false,""type"":""Point"",""coordinates"":[7.890487045356435,46.68432242158638]}"
2_1_1_00000000000000000011_0,0.314,0.3059,0.252,0.273,0.2976,0.316,-0.0031746095,0.029986983,0,0.31613252134856684,"{""geodesic"":false,""type"":""Point"",""coordinates"":[7.883210691555067,46.683963095472734]}"
2_1_1_00000000000000000013_0,0.4073,0.3021,0.0994,0.1394,0.1916,0.3296,0.1054417,0.2647736,0,0.408761897323888,"{""geodesic"":false,""type"":""Point"",""coordinates"":[7.879078441248117,46.68656820979668]}"
2_1_1_00000000000000000014_0,0.2019,0.1817,0.0639,0.0824,0.0968,0.1508,0.14488234,0.21809372,0,0.226465343045004,"{""geodesic"":false,""type"":""Point"",""coordinates"":[7.8785394520776455,46.68764618813763]}"
2_1_1_00000000000000000017_0,0.339,0.3127,0.0814,0.087,0.1042,0.1706,0.33045524,0.24163027,0,0.6799993556090905,"{""geodesic"":false,""type"":""Point"",""coordinates"":[7.871352929804689,46.68737669355239]}"
2_1_1_00000000000000000018_0,0.2834,0.2157,0.0482,0.0692,0.0665,0.2665,0.030732866,0.6006006,0,0.11337655834970672,"{""geodesic"":false,""type"":""Point"",""coordinates"":[7.869646130764862,46.688544503421745]}"
2_1_1_0000000000000000001a_0,0.3729,0.2227,0.0445,0.0597,0.1654,0.2254,0.24653184,0.15353122,0,0.0778066579183524,"{""geodesic"":false,""type"":""Point"",""coordinates"":[7.871532592861513,46.68432242158638]}"
2_1_1_0000000000000000001d_0,0.4131,0.3521,0.0966,0.1526,0.2806,0.3825,0.03846155,0.15367211,0,0.36250279781480865,"{""geodesic"":false,""type"":""Point"",""coordinates"":[7.860932472508902,46.68558006298415]}"
2_1_1_0000000000000000001e_0,0.1538,0.1224,0.0339,0.0392,0.0384,0.0877,0.273706,0.39095953,0,0.5160662041979948,"{""geodesic"":false,""type"":""Point"",""coordinates"":[7.860123988753195,46.68800551425127]}"
2_1_1_00000000000000000020_0,0.2641,0.2432,0.0677,0.0922,0.1238,0.1833,0.18059897,0.19374797,0,0.27787819852062745,"{""geodesic"":false,""type"":""Point"",""coordinates"":[7.8634477553044375,46.68126814962037]}"
2_1_1_00000000000000000022_0,0.3349,0.3183,0.1352,0.1454,0.1566,0.2054,0.23968163,0.13480665,0,0.6051872849206934,"{""geodesic"":false,""type"":""Point"",""coordinates"":[7.874946190941167,46.68980214481951]}"
2_1_1_00000000000000000023_0,0.1948,0.153,0.0814,0.0968,0.1005,0.1846,0.026884578,0.2949842,0,0.536949166145935,"{""geodesic"":false,""type"":""Point"",""coordinates"":[7.878269957492409,46.69007163940475]}"
2_1_1_00000000000000000024_0,0.173,0.1504,0.085,0.093,0.103,0.1331,0.13034953,0.12748836,0,0.30084570908152386,"{""geodesic"":false,""type"":""Point"",""coordinates"":[7.872790234259281,46.69034113398998]}"
2_1_1_00000000000000000026_0,0.2451,0.2464,0.0632,0.0808,0.119,0.168,0.18663764,0.1707317,0,0.24458001926516393,"{""geodesic"":false,""type"":""Point"",""coordinates"":[7.853117129537063,46.68252579101814]}"
2_1_1_00000000000000000027_0,0.2109,0.1467,0.0915,0.0924,0.0891,0.1251,0.25535712,0.16806722,0,0.2545693640173292,"{""geodesic"":false,""type"":""Point"",""coordinates"":[7.852578140366591,46.68171730726244]}"
2_1_1_00000000000000000028_0,0.2361,0.2158,0.0668,0.0744,0.0824,0.1415,0.25052968,0.2639571,0,0.2533486089844783,"{""geodesic"":false,""type"":""Point"",""coordinates"":[7.870813940634218,46.69312591137076]}"
2_1_1_00000000000000000029_0,0.225,0.1464,0.0786,0.0958,0.0934,0.2696,-0.0901739,0.48539945,0,0.21912278501930194,"{""geodesic"":false,""type"":""Point"",""coordinates"":[7.865513880457912,46.691868269972986]}"
2_1_1_0000000000000000002a_0,0.2083,0.1402,0.0672,0.0841,0.0847,0.2287,-0.04668193,0.45947668,0,9.420839256085722E-4,"{""geodesic"":false,""type"":""Point"",""coordinates"":[7.884109006839187,46.68989197634792]}"
2_1_1_0000000000000000002b_0,0.2657,0.198,0.0918,0.1048,0.1326,0.1554,0.2619331,0.079166666,0,0.21726347579556193,"{""geodesic"":false,""type"":""Point"",""coordinates"":[7.890756539941671,46.68863433495016]}"
2_1_1_0000000000000000002f_0,0.1686,0.1522,0.0675,0.0647,0.074,0.088,0.31410754,0.08641975,0,0.178178864719316,"{""geodesic"":false,""type"":""Point"",""coordinates"":[7.87737164220829,46.68962248176269]}"
2_1_1_00000000000000000030_0,0.1956,0.1746,0.07,0.08,0.1038,0.1447,0.14957389,0.16458756,0,0.5722104409530823,"{""geodesic"":false,""type"":""Point"",""coordinates"":[7.884019175310774,46.6867478728535]}"
2_1_1_00000000000000000031_0,0.1718,0.1404,0.0962,0.108,0.1168,0.1429,0.09183348,0.10050058,0,0.05190296092798008,"{""geodesic"":false,""type"":""Point"",""coordinates"":[7.882761533913007,46.6867478728535]}"
2_1_1_00000000000000000032_0,0.3152,0.2104,0.0578,0.0948,0.1056,0.3364,-0.0325353,0.522172,0,0.015529334362878067,"{""geodesic"":false,""type"":""Point"",""coordinates"":[7.879976756532236,46.68629871521144]}"
2_1_1_00000000000000000033_0,0.172,0.1496,0.0818,0.0954,0.096,0.1431,0.09171695,0.19698869,0,0.10812759055730825,"{""geodesic"":false,""type"":""Point"",""coordinates"":[7.885546311293777,46.68863433495016]}"
2_1_1_00000000000000000034_0,0.2544,0.1756,0.0528,0.0824,0.0726,0.182,0.16590288,0.42969364,0,0.3599219057883384,"{""geodesic"":false,""type"":""Point"",""coordinates"":[7.878988609719705,46.69204793302981]}"
2_1_1_00000000000000000036_0,0.2452,0.1673,0.0656,0.0828,0.0964,0.2156,0.0642361,0.3820513,0,0.14085128593165397,"{""geodesic"":false,""type"":""Point"",""coordinates"":[7.874407201770696,46.69393439512646]}"
2_1_1_00000000000000000037_0,0.2208,0.132,0.051,0.0622,0.0636,0.248,-0.058020476,0.5917843,0,0.36886550644409777,"{""geodesic"":false,""type"":""Point"",""coordinates"":[7.869017310065979,46.693036079842344]}"
2_1_1_00000000000000000038_0,0.1369,0.1128,0.0634,0.069,0.056,0.0658,0.35076463,0.08045978,0,0.35627786661091354,"{""geodesic"":false,""type"":""Point"",""coordinates"":[7.868298657838682,46.6912394492741]}"
2_1_1_0000000000000000003a_0,0.1534,0.1294,0.0622,0.067,0.0795,0.0857,0.28314516,0.037530273,0,0.18062811701232384,"{""geodesic"":false,""type"":""Point"",""coordinates"":[7.890217550771199,46.688993661063805]}"
2_1_1_0000000000000000003c_0,0.1635,0.1549,0.0812,0.094,0.1036,0.1194,0.15588546,0.07085201,0,0.06220997622167079,"{""geodesic"":false,""type"":""Point"",""coordinates"":[7.86910714159439,46.69079029163204]}"
2_1_1_0000000000000000003e_0,0.2256,0.2051,0.0478,0.0632,0.0738,0.1053,0.36355394,0.17587942,0,0.20118000783503376,"{""geodesic"":false,""type"":""Point"",""coordinates"":[7.864256239060145,46.689712313291096]}"
2_1_1_0000000000000000003f_0,0.1948,0.1764,0.0732,0.0816,0.0792,0.1096,0.2798949,0.16101696,0,0.07002248619898721,"{""geodesic"":false,""type"":""Point"",""coordinates"":[7.864076576003321,46.68486141075685]}"
2_1_1_00000000000000000041_0,0.1861,0.154,0.0414,0.056,0.0502,0.156,0.08798598,0.51309407,0,0.166516409291128,"{""geodesic"":false,""type"":""Point"",""coordinates"":[7.857518874429249,46.68701736743874]}"
2_1_1_00000000000000000043_0,0.2568,0.2317,0.106,0.1156,0.1252,0.1478,0.26940188,0.08278386,0,0.14025189240361968,"{""geodesic"":false,""type"":""Point"",""coordinates"":[7.8747665278843435,46.68405292700115]}"
2_1_1_00000000000000000044_0,0.3109,0.3033,0.0786,0.0939,0.13,0.1759,0.27732128,0.15004905,0,0.32602751520061946,"{""geodesic"":false,""type"":""Point"",""coordinates"":[7.890307382299611,46.68360376935909]}"
2_1_1_00000000000000000045_0,0.2643,0.2481,0.0592,0.0768,0.1098,0.1532,0.26610777,0.16501899,0,0.41324302436993876,"{""geodesic"":false,""type"":""Point"",""coordinates"":[7.854644265520066,46.682795285603376]}"
2_1_1_00000000000000000046_0,0.3209,0.2935,0.0987,0.1204,0.1536,0.1888,0.25917202,0.10280374,0,0.6878092768061098,"{""geodesic"":false,""type"":""Point"",""coordinates"":[7.854464602463242,46.6814478126772]}"
2_1_1_00000000000000000047_0,0.1868,0.1606,0.0756,0.0808,0.0866,0.1102,0.25791246,0.11991872,0,0.37271220909078473,"{""geodesic"":false,""type"":""Point"",""coordinates"":[7.856620559145129,46.68010033975102]}"
2_1_1_00000000000000000048_0,0.2059,0.1638,0.0754,0.0888,0.0996,0.1484,0.16229185,0.19677417,0,0.4599174717724456,"{""geodesic"":false,""type"":""Point"",""coordinates"":[7.851051004383588,46.679741013637376]}"
2_1_1_00000000000000000049_0,0.253,0.2312,0.0954,0.1098,0.1388,0.2432,0.019750075,0.27329844,0,0.640570333691617,"{""geodesic"":false,""type"":""Point"",""coordinates"":[7.852398477309767,46.679920676694195]}"
2_1_1_0000000000000000004a_0,0.2219,0.1975,0.0737,0.0884,0.1004,0.1396,0.22766253,0.16333331,0,0.61585655133591,"{""geodesic"":false,""type"":""Point"",""coordinates"":[7.851051004383588,46.67821387765437]}"
2_1_2_00000000000000000000_0,0.2986,0.2451,0.0686,0.0944,0.1018,0.2409,0.10695087,0.40589434,0,0.25926428716199945,"{""geodesic"":false,""type"":""Point"",""coordinates"":[7.864256239060145,46.68737669355239]}"
2_1_2_00000000000000000001_0,0.2456,0.1803,0.0713,0.0778,0.0746,0.0994,0.42376813,0.14252871,0,0.5136210958901835,"{""geodesic"":false,""type"":""Point"",""coordinates"":[7.875485180111639,46.68764618813763]}"
2_1_2_00000000000000000002_0,0.2462,0.1485,0.0678,0.0734,0.0759,0.0946,0.44483566,0.1096774,0,0.07951370085484188,"{""geodesic"":false,""type"":""Point"",""coordinates"":[7.878000462907173,46.68863433495016]}"
2_1_2_00000000000000000003_0,0.185,0.1209,0.042,0.0443,0.0437,0.0615,0.5010142,0.16920155,0,0.46266067981556014,"{""geodesic"":false,""type"":""Point"",""coordinates"":[7.88339035461189,46.68764618813763]}"
2_1_2_00000000000000000009_0,0.2364,0.216,0.0453,0.0516,0.0612,0.0902,0.44764236,0.19154558,0,0.24067631255530753,"{""geodesic"":false,""type"":""Point"",""coordinates"":[7.855183254690537,46.68234612796132]}"
2_1_2_0000000000000000000b_0,0.2634,0.2426,0.0385,0.0452,0.0518,0.0925,0.48019105,0.28205127,0,0.5293576464871463,"{""geodesic"":false,""type"":""Point"",""coordinates"":[7.860752809452078,46.681627475734025]}"
2_1_2_0000000000000000000c_0,0.2872,0.2804,0.0422,0.0534,0.0634,0.1179,0.4179215,0.30060673,0,0.6817595764244887,"{""geodesic"":false,""type"":""Point"",""coordinates"":[7.86452573364538,46.68153764420561]}"
2_1_2_0000000000000000000d_0,0.2923,0.2484,0.0292,0.0374,0.0445,0.0943,0.51215726,0.35878962,0,0.39994058906709895,"{""geodesic"":false,""type"":""Point"",""coordinates"":[7.868927478537566,46.68818517730809]}"
2_1_2_0000000000000000000f_0,0.3327,0.3142,0.0473,0.0556,0.0684,0.1448,0.39350784,0.35834897,0,0.6187097176963046,"{""geodesic"":false,""type"":""Point"",""coordinates"":[7.871442761333101,46.6874665250808]}"
2_1_2_00000000000000000010_0,0.1992,0.1332,0.0324,0.0366,0.043,0.0812,0.4208274,0.30756843,0,0.043839607423253324,"{""geodesic"":false,""type"":""Point"",""coordinates"":[7.875575011640051,46.68423259005797]}"
2_1_2_00000000000000000013_0,0.2413,0.146,0.0641,0.0674,0.0714,0.121,0.33204526,0.25779626,0,0.49226536112361574,"{""geodesic"":false,""type"":""Point"",""coordinates"":[7.8771919791514655,46.69222759608663]}"
2_1_2_00000000000000000014_0,0.072,0.0541,0.0758,0.0736,0.028,0.0247,0.48914164,-0.06261859,0,0.15068690941182794,"{""geodesic"":false,""type"":""Point"",""coordinates"":[7.871263098276277,46.692586922200285]}"
2_1_2_00000000000000000016_0,0.0372,0.0269,0.0871,0.0786,0.0266,0.0163,0.3906542,-0.24009323,0,0.3445167651287241,"{""geodesic"":false,""type"":""Point"",""coordinates"":[7.868747815480742,46.69168860691616]}"
2_1_2_00000000000000000017_0,0.0453,0.0261,0.0876,0.0808,0.0263,0.0162,0.47317073,-0.23764704,0,0.07134002929730654,"{""geodesic"":false,""type"":""Point"",""coordinates"":[7.8747665278843435,46.69294624831393]}"
2_1_2_00000000000000000019_0,0.0155,0.0097,0.0186,0.0215,0.0067,0.0147,0.026490051,0.3738318,0,0.2608126159656048,"{""geodesic"":false,""type"":""Point"",""coordinates"":[7.889319235487079,46.691149617745694]}"
2_1_2_0000000000000000001b_0,0.1954,0.1566,0.0682,0.0706,0.0786,0.075,0.44526625,-0.02343746,0,0.6448142448616773,"{""geodesic"":false,""type"":""Point"",""coordinates"":[7.890217550771199,46.689442818705864]}"
2_1_2_0000000000000000001c_0,0.1994,0.1335,0.042,0.0462,0.0441,0.0534,0.57753164,0.09538459,0,0.20360186416262527,"{""geodesic"":false,""type"":""Point"",""coordinates"":[7.888600583259784,46.68935298717745]}"
2_1_2_0000000000000000001e_0,0.2143,0.1344,0.0361,0.0396,0.038,0.074,0.48664585,0.3214286,0,0.686037446288348,"{""geodesic"":false,""type"":""Point"",""coordinates"":[7.884827659066482,46.689981807876336]}"
2_1_2_0000000000000000001f_0,0.2972,0.2829,0.0592,0.072,0.0929,0.1418,0.35398632,0.20835109,0,0.45701726532549614,"{""geodesic"":false,""type"":""Point"",""coordinates"":[7.891385360640554,46.685849557569384]}"
2_1_2_00000000000000000021_0,0.3302,0.3039,0.0575,0.0672,0.095,0.1598,0.3477551,0.2543171,0,0.2712446899362754,"{""geodesic"":false,""type"":""Point"",""coordinates"":[7.890936202998494,46.68234612796132]}"
2_1_2_00000000000000000023_0,0.2301,0.194,0.038,0.0464,0.0513,0.1089,0.35752213,0.35955057,0,0.05733252174895542,"{""geodesic"":false,""type"":""Point"",""coordinates"":[7.866502027270443,46.68558006298415]}"
2_1_2_00000000000000000024_0,0.2753,0.2561,0.048,0.059,0.0756,0.145,0.31001666,0.31459656,0,0.4962025198662814,"{""geodesic"":false,""type"":""Point"",""coordinates"":[7.852847634951827,46.68001050822261]}"
2_1_2_00000000000000000025_0,0.2243,0.2068,0.0448,0.0622,0.0744,0.0934,0.4120239,0.11323004,0,0.05743338006302279,"{""geodesic"":false,""type"":""Point"",""coordinates"":[7.851320498968824,46.679741013637376]}"
2_1_2_00000000000000000026_0,0.2482,0.207,0.0536,0.0586,0.0849,0.1338,0.29947644,0.22359397,0,0.4350915383336602,"{""geodesic"":false,""type"":""Point"",""coordinates"":[7.851500162025648,46.67812404612596]}"
2_1_2_00000000000000000027_0,0.2014,0.1662,0.0533,0.061,0.072,0.1083,0.3006135,0.20133114,0,0.03715177232672762,"{""geodesic"":false,""type"":""Point"",""coordinates"":[7.851949319667708,46.67785455154072]}"
2_1_2_00000000000000000028_0,0.3251,0.2977,0.0705,0.0832,0.103,0.1622,0.33429098,0.22322777,0,0.26032362470308745,"{""geodesic"":false,""type"":""Point"",""coordinates"":[7.855183254690537,46.679920676694195]}"
2_1_2_00000000000000000029_0,0.2755,0.2539,0.0398,0.0467,0.0646,0.125,0.37578028,0.3185654,0,0.3423681301584176,"{""geodesic"":false,""type"":""Point"",""coordinates"":[7.858866347355428,46.681357981148786]}"
2_1_2_0000000000000000002b_0,0.2111,0.1876,0.0594,0.0622,0.0736,0.1424,0.1943423,0.3185185,0,0.30271029687864404,"{""geodesic"":false,""type"":""Point"",""coordinates"":[7.859764662639547,46.682795285603376]}"
2_1_2_0000000000000000002c_0,0.2368,0.1742,0.081,0.0811,0.0907,0.1259,0.30576235,0.16251154,0,0.5385650925124768,"{""geodesic"":false,""type"":""Point"",""coordinates"":[7.863986744474909,46.683064780188616]}"
2_1_2_0000000000000000002d_0,0.1948,0.1764,0.0732,0.0816,0.0792,0.1096,0.2798949,0.16101696,0,0.2935180555864999,"{""geodesic"":false,""type"":""Point"",""coordinates"":[7.864076576003321,46.68486141075685]}"
2_1_2_00000000000000000030_0,0.3719,0.2228,0.052,0.0645,0.187,0.2582,0.18044756,0.15992808,0,0.10501235171155465,"{""geodesic"":false,""type"":""Point"",""coordinates"":[7.873419054958164,46.68378343241591]}"
2_1_2_00000000000000000031_0,0.2386,0.1797,0.113,0.114,0.1166,0.1627,0.18913531,0.16505548,0,0.2228777353376481,"{""geodesic"":false,""type"":""Point"",""coordinates"":[7.875664843168463,46.6867478728535]}"
2_1_2_00000000000000000032_0,0.3221,0.3051,0.1414,0.1522,0.1664,0.2208,0.18659055,0.14049587,0,0.6011122193281744,"{""geodesic"":false,""type"":""Point"",""coordinates"":[7.875036022469579,46.689712313291096]}"
2_1_2_00000000000000000033_0,0.2363,0.2235,0.0517,0.0538,0.0634,0.0928,0.4360377,0.18822022,0,0.12917708362329738,"{""geodesic"":false,""type"":""Point"",""coordinates"":[7.868927478537566,46.69052079704681]}"
2_1_2_00000000000000000035_0,0.2341,0.2,0.0568,0.073,0.0913,0.1451,0.23470464,0.22758035,0,0.25338121800498525,"{""geodesic"":false,""type"":""Point"",""coordinates"":[7.874946190941167,46.691149617745694]}"
2_1_2_00000000000000000036_0,0.2276,0.2062,0.0681,0.0836,0.1096,0.1595,0.17592351,0.18543293,0,0.5880013757973418,"{""geodesic"":false,""type"":""Point"",""coordinates"":[7.872610571202457,46.690880123160454]}"
2_1_2_00000000000000000037_0,0.246,0.2206,0.0816,0.085,0.0916,0.1188,0.34868422,0.12927756,0,0.3553982856580856,"{""geodesic"":false,""type"":""Point"",""coordinates"":[7.872790234259281,46.69016147093316]}"
2_1_2_00000000000000000038_0,0.2637,0.1923,0.0676,0.0736,0.0854,0.11,0.4112925,0.12589559,0,0.6128347093930242,"{""geodesic"":false,""type"":""Point"",""coordinates"":[7.860213820281607,46.68791568272286]}"
2_1_2_00000000000000000039_0,0.2451,0.2464,0.0561,0.06,0.0824,0.1323,0.29888713,0.23241733,0,0.5738524921204895,"{""geodesic"":false,""type"":""Point"",""coordinates"":[7.853027298008651,46.68252579101814]}"
2_1_2_0000000000000000003a_0,0.2977,0.2669,0.0718,0.0863,0.0973,0.1836,0.23706627,0.30722675,0,0.19292091517199217,"{""geodesic"":false,""type"":""Point"",""coordinates"":[7.854913760105302,46.68171730726244]}"
2_1_2_0000000000000000003b_0,0.2719,0.2383,0.0417,0.0504,0.0868,0.1628,0.2509777,0.30448717,0,0.3269904222906256,"{""geodesic"":false,""type"":""Point"",""coordinates"":[7.861830787793022,46.684502084643206]}"
2_1_2_0000000000000000003c_0,0.1903,0.1844,0.0939,0.1006,0.1146,0.1318,0.18162064,0.06980517,0,0.5763517430828873,"{""geodesic"":false,""type"":""Point"",""coordinates"":[7.8709936036910415,46.690880123160454]}"
2_1_2_0000000000000000003d_0,0.1693,0.1448,0.0772,0.0882,0.0924,0.1261,0.14624238,0.15423343,0,0.6549319604571654,"{""geodesic"":false,""type"":""Point"",""coordinates"":[7.879707261947001,46.68908349259222]}"
2_1_2_0000000000000000003e_0,0.1793,0.1385,0.0482,0.0588,0.0607,0.0916,0.32373568,0.20288904,0,0.4139284491768851,"{""geodesic"":false,""type"":""Point"",""coordinates"":[7.882761533913007,46.688724166478565]}"
2_1_2_0000000000000000003f_0,0.2402,0.1772,0.0616,0.0581,0.0674,0.0846,0.47906402,0.1131579,0,0.6098189645098282,"{""geodesic"":false,""type"":""Point"",""coordinates"":[7.884109006839187,46.68962248176269]}"
2_1_2_00000000000000000040_0,0.2766,0.1961,0.0857,0.1064,0.1362,0.1552,0.28114867,0.0652025,0,0.6484268679617902,"{""geodesic"":false,""type"":""Point"",""coordinates"":[7.887702267975665,46.688993661063805]}"
2_1_2_00000000000000000041_0,0.1666,0.148,0.0698,0.0739,0.0906,0.1078,0.21428573,0.086693555,0,0.08861070366810875,"{""geodesic"":false,""type"":""Point"",""coordinates"":[7.884647996009658,46.687286862023974]}"
2_1_2_00000000000000000042_0,0.2191,0.194,0.1102,0.1304,0.1396,0.1613,0.15194531,0.072117016,0,0.15946531253168628,"{""geodesic"":false,""type"":""Point"",""coordinates"":[7.888780246316608,46.68432242158638]}"
2_1_2_00000000000000000045_0,0.2233,0.1973,0.0782,0.0966,0.1158,0.1416,0.22389695,0.10023309,0,0.1638013373828051,"{""geodesic"":false,""type"":""Point"",""coordinates"":[7.88383951225395,46.68656820979668]}"
2_1_2_00000000000000000046_0,0.2764,0.2506,0.0529,0.0614,0.079,0.1483,0.30162466,0.30488342,0,0.32843093617275254,"{""geodesic"":false,""type"":""Point"",""coordinates"":[7.865783375043148,46.68881399800698]}"
2_1_2_00000000000000000047_0,0.2075,0.1472,0.053,0.0561,0.0653,0.1309,0.22635934,0.33435267,0,0.5041643612981658,"{""geodesic"":false,""type"":""Point"",""coordinates"":[7.8736885495434,46.69429372124011]}"
2_1_2_00000000000000000048_0,0.2394,0.2062,0.0634,0.0662,0.081,0.1072,0.3814195,0.13921359,0,0.27587390476603335,"{""geodesic"":false,""type"":""Point"",""coordinates"":[7.890307382299611,46.688544503421745]}"
2_1_2_00000000000000000049_0,0.1798,0.1614,0.0568,0.0648,0.0702,0.0947,0.3100182,0.14857487,0,0.3178360270187446,"{""geodesic"":false,""type"":""Point"",""coordinates"":[7.887073447276781,46.68818517730809]}"
2_1_2_0000000000000000004a_0,0.2291,0.1735,0.0389,0.048,0.051,0.1283,0.28203696,0.43112102,0,0.30845527093372316,"{""geodesic"":false,""type"":""Point"",""coordinates"":[7.890307382299611,46.68629871521144]}"
2_2_1_0000000000000000004c_0,0.1875,0.0776,0.0145,0.0396,0.0163,0.3884,-0.34884527,0.9194465,1,0.6859751245384256,"{""geodesic"":false,""type"":""Point"",""coordinates"":[7.867130847969327,46.69411405818329]}"
2_2_1_0000000000000000004d_0,0.1577,0.0647,0.0177,0.0333,0.01645,0.40895,-0.44339538,0.922661,1,0.6548019647885316,"{""geodesic"":false,""type"":""Point"",""coordinates"":[7.867939331725035,46.699683612944824]}"
2_2_1_0000000000000000004e_0,0.2624,0.149,0.0334,0.062,0.0548,0.3124,-0.086986795,0.7015251,1,0.1962263951124239,"{""geodesic"":false,""type"":""Point"",""coordinates"":[7.880515745702708,46.69132928080251]}"
2_2_1_0000000000000000004f_0,0.2427,0.1142,0.0337,0.071,0.0358,0.432,-0.28056917,0.84694314,1,0.06525778586957975,"{""geodesic"":false,""type"":""Point"",""coordinates"":[7.8587765158270155,46.6852207368705]}"
2_2_1_00000000000000000051_0,0.2026,0.1543,0.0423,0.0693,0.0488,0.2973,-0.1894379,0.7180006,1,0.5706661471562754,"{""geodesic"":false,""type"":""Point"",""coordinates"":[7.855362917747361,46.68342410630226]}"
2_2_1_00000000000000000052_0,0.2222,0.1711,0.045,0.0775,0.0607,0.3657,-0.24408913,0.7152908,1,0.2679413812820448,"{""geodesic"":false,""type"":""Point"",""coordinates"":[7.856620559145129,46.683064780188616]}"
2_2_1_00000000000000000053_0,0.1653,0.1284,0.029,0.0444,0.0333,0.2788,-0.2555731,0.78660685,1,0.26457983231372684,"{""geodesic"":false,""type"":""Point"",""coordinates"":[7.85850702124178,46.68378343241591]}"
2_2_1_00000000000000000054_0,0.2423,0.177,0.0625,0.0782,0.1008,0.2194,0.049599305,0.3703935,1,0.21636970722784477,"{""geodesic"":false,""type"":""Point"",""coordinates"":[7.859495168054312,46.68378343241591]}"
2_2_1_00000000000000000055_0,0.2528,0.2038,0.0396,0.0544,0.0504,0.3703,-0.18857329,0.76039934,1,0.5784265193823679,"{""geodesic"":false,""type"":""Point"",""coordinates"":[7.860034157224783,46.683244443245435]}"
2_2_1_00000000000000000056_0,0.2098,0.1501,0.0242,0.0391,0.0314,0.305,-0.18492618,0.8133175,1,0.003231148179168475,"{""geodesic"":false,""type"":""Point"",""coordinates"":[7.860752809452078,46.68270545407497]}"
2_2_1_00000000000000000058_0,0.1742,0.074,0.0156,0.0314,0.0151,0.4175,-0.4111881,0.93018955,1,0.5073068133012509,"{""geodesic"":false,""type"":""Point"",""coordinates"":[7.854284939406418,46.67740539389866]}"
2_2_1_00000000000000000059_0,0.2372,0.1124,0.0458,0.0764,0.0554,0.5777,-0.4178427,0.8249882,1,0.5004090961183701,"{""geodesic"":false,""type"":""Point"",""coordinates"":[7.8587765158270155,46.678483372239604]}"
2_2_1_0000000000000000005a_0,0.1594,0.0697,0.0134,0.0224,0.0129,0.2385,-0.19879366,0.8973747,1,0.20546331970052356,"{""geodesic"":false,""type"":""Point"",""coordinates"":[7.856710390673541,46.677585056955486]}"
2_2_1_0000000000000000005b_0,0.1947,0.0849,0.0188,0.0367,0.0174,0.4875,-0.42919967,0.93107545,1,0.09704220755258752,"{""geodesic"":false,""type"":""Point"",""coordinates"":[7.8550035916337135,46.67794438306913]}"
2_2_1_0000000000000000005c_0,0.2422,0.1763,0.036,0.0632,0.0496,0.3485,-0.179956,0.7508164,1,0.6230629346201483,"{""geodesic"":false,""type"":""Point"",""coordinates"":[7.854015444821182,46.6792020244669]}"
2_2_1_0000000000000000005d_0,0.2059,0.1264,0.0284,0.062,0.0363,0.4075,-0.32865992,0.8364128,1,0.3239947088956482,"{""geodesic"":false,""type"":""Point"",""coordinates"":[7.8532069610654744,46.68054949739308]}"
2_2_1_0000000000000000005e_0,0.2196,0.103,0.0303,0.0678,0.0286,0.4383,-0.33242133,0.8774898,1,0.12224653226388349,"{""geodesic"":false,""type"":""Point"",""coordinates"":[7.887163278805192,46.68459191617162]}"
2_2_1_00000000000000000060_0,0.2835,0.229,0.0417,0.0611,0.057,0.2481,0.066591404,0.626352,1,0.3416486875711545,"{""geodesic"":false,""type"":""Point"",""coordinates"":[7.891205697583731,46.683513937830675]}"
2_2_1_00000000000000000062_0,0.2259,0.1512,0.0302,0.0539,0.0388,0.3617,-0.2311096,0.80624217,1,0.10943731517459665,"{""geodesic"":false,""type"":""Point"",""coordinates"":[7.856081569974657,46.68198680184767]}"
2_2_1_00000000000000000063_0,0.2429,0.1616,0.039,0.0654,0.054,0.3164,-0.13141425,0.7084233,1,0.6891184069475107,"{""geodesic"":false,""type"":""Point"",""coordinates"":[7.859046010412252,46.68189697031926]}"
2_2_1_00000000000000000065_0,0.3012,0.2588,0.0442,0.0596,0.0722,0.2286,0.13703285,0.5199468,1,0.3061837407779152,"{""geodesic"":false,""type"":""Point"",""coordinates"":[7.858327358184956,46.68126814962037]}"
2_2_1_00000000000000000066_0,0.2181,0.1248,0.0252,0.04,0.0286,0.2941,-0.14837952,0.82274556,1,0.058315558488580166,"{""geodesic"":false,""type"":""Point"",""coordinates"":[7.870903772162629,46.68459191617162]}"
2_2_1_00000000000000000067_0,0.2513,0.1278,0.0289,0.0597,0.0415,0.3852,-0.21036918,0.80548394,1,0.1790424704942899,"{""geodesic"":false,""type"":""Point"",""coordinates"":[7.872430908145632,46.684502084643206]}"
2_2_1_00000000000000000068_0,0.2535,0.1275,0.0284,0.0606,0.0418,0.4239,-0.25155002,0.8204853,1,0.6115347486125717,"{""geodesic"":false,""type"":""Point"",""coordinates"":[7.873329223429752,46.68459191617162]}"
2_2_1_00000000000000000069_0,0.1781,0.0817,0.0261,0.055,0.0301,0.459,-0.44090408,0.87691677,1,0.08528278298593106,"{""geodesic"":false,""type"":""Point"",""coordinates"":[7.873778381071812,46.68692753591033]}"
2_2_1_0000000000000000006a_0,0.2504,0.1387,0.0414,0.0772,0.0526,0.3759,-0.20038319,0.7544924,1,0.5129443185939848,"{""geodesic"":false,""type"":""Point"",""coordinates"":[7.875215685526403,46.68504107381368]}"
2_2_1_0000000000000000006b_0,0.1434,0.069,0.0194,0.0352,0.0256,0.2294,-0.2306867,0.7992157,1,0.5793119494992959,"{""geodesic"":false,""type"":""Point"",""coordinates"":[7.868837647009155,46.69483271041058]}"
2_2_1_0000000000000000006d_0,0.1636,0.0683,0.0133,0.026,0.0133,0.3334,-0.34164992,0.9232766,1,0.5247842978748528,"{""geodesic"":false,""type"":""Point"",""coordinates"":[7.867669837139799,46.69600052027994]}"
2_2_1_0000000000000000006e_0,0.1709,0.072,0.0184,0.041,0.0178,0.3915,-0.3922475,0.9130222,1,0.5002204889305102,"{""geodesic"":false,""type"":""Point"",""coordinates"":[7.86219011390667,46.69662934097882]}"
2_2_1_0000000000000000006f_0,0.2236,0.1045,0.0314,0.0686,0.028,0.4777,-0.3623271,0.8892624,1,0.38064229216318535,"{""geodesic"":false,""type"":""Point"",""coordinates"":[7.872430908145632,46.69393439512646]}"
2_2_1_00000000000000000070_0,0.2696,0.1388,0.0349,0.0693,0.0478,0.3747,-0.16312277,0.77372783,1,0.210468876373597,"{""geodesic"":false,""type"":""Point"",""coordinates"":[7.877910631378762,46.6919581015014]}"
2_2_1_00000000000000000071_0,0.1565,0.0658,0.0226,0.0414,0.0223,0.4787,-0.50724185,0.910978,1,0.6199138802533898,"{""geodesic"":false,""type"":""Point"",""coordinates"":[7.886893784219957,46.69096995468887]}"
2_2_1_00000000000000000073_0,0.2705,0.2269,0.036,0.0592,0.0471,0.279,-0.015468625,0.7111316,1,0.4928098909470028,"{""geodesic"":false,""type"":""Point"",""coordinates"":[7.892373507453086,46.69061062857522]}"
2_2_1_00000000000000000074_0,0.2037,0.1171,0.0288,0.0524,0.0345,0.4039,-0.32949308,0.84260947,1,0.6872054152725711,"{""geodesic"":false,""type"":""Point"",""coordinates"":[7.881324229458416,46.69007163940475]}"
2_2_1_00000000000000000075_0,0.1919,0.0854,0.023,0.0462,0.0274,0.3951,-0.34616694,0.8702959,1,0.4899509402619756,"{""geodesic"":false,""type"":""Point"",""coordinates"":[7.880246251117472,46.690430965518395]}"
2_2_1_00000000000000000076_0,0.2136,0.0997,0.0252,0.0628,0.0265,0.478,-0.3823019,0.8949455,1,0.1281999005665726,"{""geodesic"":false,""type"":""Point"",""coordinates"":[7.880066588060648,46.68773601966603]}"
2_2_1_00000000000000000077_0,0.233,0.131,0.0318,0.0714,0.0427,0.336,-0.18101934,0.77449167,1,0.20948318806620436,"{""geodesic"":false,""type"":""Point"",""coordinates"":[7.887253110333605,46.687556356609214]}"
2_2_1_0000000000000000007c_0,0.1853,0.1141,0.0241,0.0426,0.0264,0.3805,-0.34499824,0.87023836,1,0.413540719925503,"{""geodesic"":false,""type"":""Point"",""coordinates"":[7.8747665278843435,46.68845467189333]}"
2_2_1_0000000000000000007d_0,0.2268,0.1108,0.0316,0.0706,0.033,0.4071,-0.28442973,0.85003406,1,0.6872898791977546,"{""geodesic"":false,""type"":""Point"",""coordinates"":[7.873059728844516,46.68836484036492]}"
2_2_1_0000000000000000007e_0,0.267,0.1931,0.0401,0.0542,0.0475,0.2435,0.046033293,0.6735395,1,0.1441236380697637,"{""geodesic"":false,""type"":""Point"",""coordinates"":[7.867400342554563,46.68926315564904]}"
2_2_1_0000000000000000007f_0,0.2339,0.1505,0.0255,0.0475,0.0296,0.3696,-0.22485502,0.8517034,1,0.6314212186388916,"{""geodesic"":false,""type"":""Point"",""coordinates"":[7.867759668668211,46.688544503421745]}"
2_2_1_00000000000000000081_0,0.2379,0.2137,0.073,0.0988,0.0964,0.2206,0.037731756,0.3917981,1,0.37004890963334824,"{""geodesic"":false,""type"":""Point"",""coordinates"":[7.869017310065979,46.68881399800698]}"
2_2_1_00000000000000000082_0,0.1854,0.1056,0.0195,0.031,0.0206,0.2566,-0.16108598,0.8513709,1,0.557190310425794,"{""geodesic"":false,""type"":""Point"",""coordinates"":[7.861920619321434,46.688724166478565]}"
2_2_1_00000000000000000083_0,0.2351,0.1302,0.0356,0.0774,0.0436,0.4752,-0.3380262,0.8319198,1,0.46545251745964233,"{""geodesic"":false,""type"":""Point"",""coordinates"":[7.86308842919079,46.6874665250808]}"
2_2_1_00000000000000000084_0,0.2833,0.247,0.0439,0.0558,0.0678,0.201,0.169936,0.49553573,1,0.33025636804216685,"{""geodesic"":false,""type"":""Point"",""coordinates"":[7.8654240489295,46.68908349259222]}"
2_2_1_00000000000000000085_0,0.1721,0.0959,0.0203,0.0344,0.0263,0.4092,-0.40787894,0.8792193,1,0.47929476091291723,"{""geodesic"":false,""type"":""Point"",""coordinates"":[7.865154554344264,46.68333427477385]}"
2_2_1_00000000000000000086_0,0.1754,0.1028,0.0182,0.026,0.0155,0.2117,-0.09377422,0.8635563,1,0.5248456797024134,"{""geodesic"":false,""type"":""Point"",""coordinates"":[7.868478320895506,46.68647837826827]}"
2_2_1_00000000000000000088_0,0.2179,0.1053,0.0278,0.0648,0.0269,0.4583,-0.35551614,0.8891179,1,0.5777428402490927,"{""geodesic"":false,""type"":""Point"",""coordinates"":[7.86587320657156,46.68719703049556]}"
2_2_1_00000000000000000089_0,0.1985,0.1216,0.0474,0.0674,0.0608,0.3054,-0.21214527,0.66794103,1,0.5406499846160496,"{""geodesic"":false,""type"":""Point"",""coordinates"":[7.872251245088808,46.68611905215462]}"
2_2_1_0000000000000000008a_0,0.1993,0.1292,0.0197,0.0357,0.021,0.4161,-0.35229117,0.9039121,1,0.2479971092100467,"{""geodesic"":false,""type"":""Point"",""coordinates"":[7.8654240489295,46.68423259005797]}"
2_2_1_0000000000000000008e_0,0.27,0.2042,0.0306,0.0526,0.0506,0.3021,-0.056109056,0.71307063,1,0.48551614042849733,"{""geodesic"":false,""type"":""Point"",""coordinates"":[7.86308842919079,46.68459191617162]}"
2_2_1_0000000000000000008f_0,0.2305,0.1084,0.0301,0.0706,0.0285,0.5073,-0.37516946,0.89361703,1,0.4141596389703224,"{""geodesic"":false,""type"":""Point"",""coordinates"":[7.861381630150962,46.686388546739856]}"
2_2_1_00000000000000000090_0,0.1849,0.0889,0.0232,0.0392,0.0249,0.3917,-0.35865417,0.88046086,1,0.24374434991858096,"{""geodesic"":false,""type"":""Point"",""coordinates"":[7.8587765158270155,46.68737669355239]}"
2_2_1_00000000000000000091_0,0.1515,0.0824,0.0348,0.0559,0.0389,0.2669,-0.27581263,0.7455854,1,0.26946426497941,"{""geodesic"":false,""type"":""Point"",""coordinates"":[7.872430908145632,46.692317427615045]}"
2_2_1_00000000000000000093_0,0.1747,0.0812,0.0248,0.0457,0.0279,0.4508,-0.44140685,0.8834343,1,0.1795944213319698,"{""geodesic"":false,""type"":""Point"",""coordinates"":[7.883480186140303,46.6912394492741]}"
2_2_1_00000000000000000094_0,0.2385,0.1503,0.0303,0.0656,0.0338,0.4431,-0.30017605,0.8582512,1,0.40387138268470824,"{""geodesic"":false,""type"":""Point"",""coordinates"":[7.883210691555067,46.688095345779686]}"
2_2_2_0000000000000000004b_0,0.128,0.0543,0.014,0.0268,0.0136,0.312,-0.4181818,0.91646194,1,0.34644233927732015,"{""geodesic"":false,""type"":""Point"",""coordinates"":[7.864435902116969,46.70085142281418]}"
2_2_2_0000000000000000004e_0,0.1436,0.062,0.0151,0.0302,0.0147,0.3484,-0.41626015,0.91903055,1,0.43406265997857973,"{""geodesic"":false,""type"":""Point"",""coordinates"":[7.860932472508902,46.697347993206115]}"
2_2_2_0000000000000000004f_0,0.1785,0.0733,0.0191,0.0375,0.0191,0.4387,-0.42158133,0.91655743,1,0.005176745270019323,"{""geodesic"":false,""type"":""Point"",""coordinates"":[7.865603711986324,46.699234455302765]}"
2_2_2_00000000000000000050_0,0.1647,0.0689,0.0162,0.0308,0.0161,0.3841,-0.39978132,0.9195402,1,0.5144194838177292,"{""geodesic"":false,""type"":""Point"",""coordinates"":[7.867041016440916,46.695192036524226]}"
2_2_2_00000000000000000051_0,0.2018,0.0871,0.0197,0.0405,0.0178,0.5156,-0.4374129,0.93325835,1,0.34621473263183344,"{""geodesic"":false,""type"":""Point"",""coordinates"":[7.866681690327267,46.693754732069635]}"
2_2_2_00000000000000000053_0,0.2278,0.107,0.0298,0.0622,0.0276,0.4414,-0.31918707,0.88230276,1,0.2809786665189675,"{""geodesic"":false,""type"":""Point"",""coordinates"":[7.872610571202457,46.69384456359805]}"
2_2_2_00000000000000000056_0,0.1667,0.0727,0.0264,0.0465,0.0272,0.4595,-0.46758226,0.8882268,1,0.5111573574108687,"{""geodesic"":false,""type"":""Point"",""coordinates"":[7.871083435219453,46.689173324120624]}"
2_2_2_00000000000000000057_0,0.2392,0.1212,0.029,0.0686,0.0336,0.4563,-0.31214952,0.86282915,1,0.6432064650331204,"{""geodesic"":false,""type"":""Point"",""coordinates"":[7.871083435219453,46.688095345779686]}"
2_2_2_00000000000000000059_0,0.199,0.0884,0.0265,0.0634,0.0289,0.4728,-0.40756175,0.88479173,1,0.11679770658263067,"{""geodesic"":false,""type"":""Point"",""coordinates"":[7.873419054958164,46.686658041325096]}"
2_2_2_0000000000000000005a_0,0.2357,0.1366,0.0312,0.0732,0.0403,0.4472,-0.3097086,0.83466667,1,0.24994299979805157,"{""geodesic"":false,""type"":""Point"",""coordinates"":[7.874227538713871,46.68620888368303]}"
2_2_2_0000000000000000005c_0,0.2178,0.0999,0.0243,0.0664,0.0246,0.5149,-0.40548655,0.9088045,1,0.15513640500357861,"{""geodesic"":false,""type"":""Point"",""coordinates"":[7.880785240287944,46.687286862023974]}"
2_2_2_0000000000000000005d_0,0.2361,0.11,0.0296,0.0689,0.031,0.4584,-0.3200864,0.87331426,1,0.0830159914850076,"{""geodesic"":false,""type"":""Point"",""coordinates"":[7.879707261947001,46.68737669355239]}"
2_2_2_0000000000000000005e_0,0.1934,0.0863,0.0215,0.0444,0.0263,0.3929,-0.34026948,0.8745229,1,0.25477125693178115,"{""geodesic"":false,""type"":""Point"",""coordinates"":[7.880515745702708,46.69052079704681]}"
2_2_2_0000000000000000005f_0,0.1801,0.0884,0.0247,0.0461,0.0259,0.4476,-0.42615902,0.8906019,1,0.01702655736746217,"{""geodesic"":false,""type"":""Point"",""coordinates"":[7.883300523083479,46.69105978621728]}"
2_2_2_00000000000000000060_0,0.1565,0.0658,0.0227,0.0419,0.024,0.4808,-0.50886554,0.9049128,1,0.11170542153391783,"{""geodesic"":false,""type"":""Point"",""coordinates"":[7.886983615748369,46.69096995468887]}"
2_2_2_00000000000000000061_0,0.2168,0.103,0.0314,0.0702,0.0328,0.445,-0.34481716,0.86270404,1,0.037942004201449664,"{""geodesic"":false,""type"":""Point"",""coordinates"":[7.886893784219957,46.69025130246157]}"
2_2_2_00000000000000000063_0,0.2131,0.0965,0.0277,0.066,0.0275,0.4533,-0.3604442,0.8856073,1,0.6631364887732139,"{""geodesic"":false,""type"":""Point"",""coordinates"":[7.886803952691545,46.68441225311479]}"
2_2_2_00000000000000000065_0,0.1482,0.0706,0.0247,0.0561,0.0248,0.3791,-0.43789113,0.8771973,1,0.40078278625490704,"{""geodesic"":false,""type"":""Point"",""coordinates"":[7.890487045356435,46.69168860691616]}"
2_2_2_00000000000000000066_0,0.1555,0.081,0.0248,0.0535,0.0252,0.3692,-0.40728036,0.872211,1,0.43528533607150277,"{""geodesic"":false,""type"":""Point"",""coordinates"":[7.87000545687851,46.68504107381368]}"
2_2_2_00000000000000000067_0,0.2067,0.1161,0.0298,0.0452,0.0362,0.3097,-0.19945781,0.79069096,1,0.04255768466577703,"{""geodesic"":false,""type"":""Point"",""coordinates"":[7.865693543514736,46.68405292700115]}"
2_2_2_00000000000000000069_0,0.2174,0.1124,0.0324,0.0676,0.0366,0.4252,-0.3233738,0.8414898,1,0.00667557494073312,"{""geodesic"":false,""type"":""Point"",""coordinates"":[7.860213820281607,46.687107198967155]}"
2_2_2_0000000000000000006b_0,0.1849,0.0889,0.0232,0.0392,0.0249,0.3917,-0.35865417,0.88046086,1,0.2708548492378031,"{""geodesic"":false,""type"":""Point"",""coordinates"":[7.8587765158270155,46.68737669355239]}"
2_2_2_0000000000000000006c_0,0.1727,0.0685,0.01685,0.0318,0.0159,0.42555,-0.4226494,0.9279647,1,0.6950035602368048,"{""geodesic"":false,""type"":""Point"",""coordinates"":[7.869017310065979,46.700222602115296]}"
2_2_2_0000000000000000006d_0,0.184,0.0792,0.0192,0.0428,0.0189,0.4251,-0.39582992,0.91486484,1,0.44944457010348915,"{""geodesic"":false,""type"":""Point"",""coordinates"":[7.868837647009155,46.69833614001865]}"
2_2_2_0000000000000000006e_0,0.2215,0.1092,0.0302,0.0686,0.0309,0.4589,-0.34891242,0.873826,1,0.17615529480911474,"{""geodesic"":false,""type"":""Point"",""coordinates"":[7.8663223642136195,46.687286862023974]}"
2_2_2_0000000000000000006f_0,0.1963,0.106,0.0275,0.0658,0.0306,0.4157,-0.35849673,0.8628725,1,0.6006391890822986,"{""geodesic"":false,""type"":""Point"",""coordinates"":[7.867490174082975,46.69007163940475]}"
2_2_2_00000000000000000070_0,0.2407,0.1145,0.0318,0.067,0.0362,0.4168,-0.26783267,0.8401766,1,0.16861399300369784,"{""geodesic"":false,""type"":""Point"",""coordinates"":[7.859046010412252,46.68477157922844]}"
2_2_2_00000000000000000071_0,0.2698,0.142,0.0391,0.0764,0.0444,0.4401,-0.23989294,0.8167183,1,0.021307009272843347,"{""geodesic"":false,""type"":""Point"",""coordinates"":[7.857429042900836,46.68531056839891]}"
2_2_2_00000000000000000072_0,0.1618,0.0729,0.0233,0.0422,0.0228,0.3795,-0.40217996,0.88665175,1,0.6257845762863584,"{""geodesic"":false,""type"":""Point"",""coordinates"":[7.859405336525899,46.679471519052136]}"
2_2_2_00000000000000000073_0,0.2175,0.0995,0.0324,0.054,0.0319,0.6048,-0.47099596,0.89979583,1,0.07811595879222955,"{""geodesic"":false,""type"":""Point"",""coordinates"":[7.857878200542896,46.67839354071119]}"
2_2_2_00000000000000000077_0,0.2254,0.1452,0.0199,0.0378,0.0198,0.3728,-0.24640587,0.899134,1,0.08076511209239312,"{""geodesic"":false,""type"":""Point"",""coordinates"":[7.861112135565726,46.680190171279435]}"
2_2_2_00000000000000000078_0,0.1225,0.0529,0.0184,0.0324,0.017,0.298,-0.41736028,0.8920635,1,0.17786395087429052,"{""geodesic"":false,""type"":""Point"",""coordinates"":[7.854554433991654,46.67677657319978]}"
2_2_2_00000000000000000079_0,0.1997,0.0819,0.022,0.0422,0.0207,0.4988,-0.4282033,0.920308,1,0.6256391129964671,"{""geodesic"":false,""type"":""Point"",""coordinates"":[7.8532069610654744,46.67623758402931]}"
2_2_2_0000000000000000007a_0,0.2068,0.0922,0.0234,0.0422,0.0217,0.4703,-0.38915965,0.91178864,1,0.31010064753788413,"{""geodesic"":false,""type"":""Point"",""coordinates"":[7.853027298008651,46.67740539389866]}"
2_2_2_0000000000000000007c_0,0.2136,0.0942,0.0282,0.0486,0.0261,0.5133,-0.41229883,0.9032258,1,0.5406917326111794,"{""geodesic"":false,""type"":""Point"",""coordinates"":[7.850781509798352,46.676147752500896]}"
2_2_2_0000000000000000007d_0,0.1781,0.0737,0.0212,0.0426,0.0198,0.4685,-0.44911844,0.91890234,1,0.5025828326846685,"{""geodesic"":false,""type"":""Point"",""coordinates"":[7.852218814252943,46.67560876333042]}"
2_2_2_0000000000000000007e_0,0.1924,0.0816,0.0201,0.0367,0.0187,0.4491,-0.4001559,0.9200513,1,0.4527594223514624,"{""geodesic"":false,""type"":""Point"",""coordinates"":[7.851769656610884,46.67551893180201]}"
2_2_2_0000000000000000007f_0,0.146,0.0676,0.0208,0.0366,0.0199,0.3123,-0.36286277,0.88019264,1,0.1076181598261079,"{""geodesic"":false,""type"":""Point"",""coordinates"":[7.852308645781355,46.675159605688364]}"
2_2_2_00000000000000000080_0,0.1886,0.0856,0.021,0.0365,0.0189,0.4172,-0.37735224,0.9133226,1,0.31265640446823373,"{""geodesic"":false,""type"":""Point"",""coordinates"":[7.859315504997488,46.67902236141008]}"
2_2_2_00000000000000000081_0,0.1844,0.1018,0.0385,0.0714,0.0482,0.3576,-0.3195572,0.76244456,1,0.6557744919190683,"{""geodesic"":false,""type"":""Point"",""coordinates"":[7.856081569974657,46.68081899197831]}"
2_2_2_00000000000000000083_0,0.248,0.1488,0.0388,0.0724,0.0539,0.4161,-0.25312454,0.7706383,1,0.27547259325673834,"{""geodesic"":false,""type"":""Point"",""coordinates"":[7.874856359412755,46.68360376935909]}"
2_2_2_00000000000000000084_0,0.2088,0.13,0.0478,0.0828,0.0533,0.4188,-0.33460802,0.7742004,1,0.6610326088095778,"{""geodesic"":false,""type"":""Point"",""coordinates"":[7.876203832338934,46.68378343241591]}"
2_2_2_00000000000000000086_0,0.2237,0.1063,0.0294,0.073,0.0283,0.4943,-0.37688023,0.8916954,1,0.4449983881936648,"{""geodesic"":false,""type"":""Point"",""coordinates"":[7.876383495395759,46.68468174770003]}"
2_2_2_00000000000000000089_0,0.2337,0.1295,0.035,0.0708,0.0417,0.346,-0.19372086,0.7848852,1,0.4704944453314659,"{""geodesic"":false,""type"":""Point"",""coordinates"":[7.886714121163133,46.68719703049556]}"
2_2_2_0000000000000000008b_0,0.2226,0.1433,0.0326,0.0722,0.0369,0.4623,-0.34997812,0.8521635,1,0.34028188639151835,"{""geodesic"":false,""type"":""Point"",""coordinates"":[7.891834518282614,46.686837704381915]}"
2_2_2_0000000000000000008c_0,0.1043,0.0582,0.0277,0.0475,0.0317,0.2175,-0.3517713,0.74558586,1,0.03740896752010214,"{""geodesic"":false,""type"":""Point"",""coordinates"":[7.889768393129139,46.68288511713179]}"
2_2_2_0000000000000000008d_0,0.2183,0.1404,0.0336,0.0714,0.036,0.4475,-0.34424752,0.85108584,1,0.3064845157694748,"{""geodesic"":false,""type"":""Point"",""coordinates"":[7.887432773390429,46.68252579101814]}"
2_2_2_0000000000000000008e_0,0.1886,0.0891,0.0278,0.0637,0.0255,0.4812,-0.43684682,0.89934874,1,0.10554544791243903,"{""geodesic"":false,""type"":""Point"",""coordinates"":[7.884109006839187,46.683513937830675]}"
2_2_2_00000000000000000092_0,0.2051,0.1086,0.0382,0.071,0.0402,0.3995,-0.3215349,0.8171481,1,0.4536350923633097,"{""geodesic"":false,""type"":""Point"",""coordinates"":[7.875575011640051,46.692766585257104]}"
2_2_2_00000000000000000094_0,0.2018,0.1404,0.0578,0.0788,0.07,0.2854,-0.17159277,0.6060777,1,0.32462660088531214,"{""geodesic"":false,""type"":""Point"",""coordinates"":[7.864795228230617,46.68935298717745]}"
